entity_id,name,google_type,signal,confidence,proposed_department,proposed_leaf
d9311e9d-42da-4b6e-8411-07b41447db64,Hava Captain,,llm_keyword,low,Things to Do & Attractions,Tours & Sightseeing
0697fd33-af74-4074-aa91-336750d900cc,Circle K | Gas Station,gas_station,google_type,high,"Auto, RV & Marine",Gas Stations
3df6ebfc-9609-4f68-a389-d17c3a0b0ca3,Tinnell Memorial Sports Park,,name_keyword,med,Outdoors & Recreation,Parks & Playgrounds
280052a1-7dae-4f32-8258-d1c687ff5be9,Wanderlust Balloons,,llm_judgment,low,Things to Do & Attractions,Tours & Sightseeing
91246bac-2d1e-4ffc-96fb-cb01a18cda98,Motor and Boat Texaco,gas_station,google_type,high,"Auto, RV & Marine",Gas Stations
d2d2bf8e-cc62-498f-865b-b8c5fa391d55,Emerald Canyon Golf Course,,name_keyword,med,Outdoors & Recreation,Golf Courses
9c83431a-93a0-4760-9d27-0d6842c47b6a,Shell,gas_station,google_type,high,"Auto, RV & Marine",Gas Stations
1620e8b4-b1a6-4b3e-8606-a7236d1969e3,Domn8er Power Boats,supplier,llm_keyword,low,On the Water,Boat & Watercraft Rentals
98512a35-5776-47ea-ac3d-52a1a0cd0949,Keenan Supply,manufacturer,name_keyword,med,Shopping & Retail,Hardware & Home Improvement
6d096f0f-20fb-408c-8959-d3f871708974,Cycle Therapy Bike & E-bike Shop,bicycle_store,google_type,high,Shopping & Retail,Sporting Goods
abfabf9a-5a50-4710-80be-7f84e453f0ab,Boat-In Beaches & Campsites,,llm_judgment,low,On the Water,Beaches & Swim Areas
471fb911-3806-4b10-8eb9-fc722169d64a,Xtreme Speed And Marine,service,llm_keyword,low,On the Water,Boat & Watercraft Rentals
a0523db0-3e0c-46ce-bfce-4c220fec3a27,Castle Rock Estates,mobile_home_park,google_type,high,Lodging,RV Parks & Campgrounds
aef65dd6-41ec-4c67-8766-84270341bd46,Site Six Launch Ramp,,provider_subcat,high,Things to Do & Attractions,Landmarks & Sights
6712fde3-d7f4-4e76-a396-b0b834cef492,Lake Havasu City Vet Center,service,name_keyword,high,Pets,Veterinarians
a28122dd-abc2-4328-ad67-e8796a34e392,Tiger Towing,service,llm_keyword,low,"Auto, RV & Marine",Towing & Roadside
41cb9ca9-6b8e-4c31-a705-26f43ad2dd33,Smith's Pharmacy,pharmacy,google_type,high,Health & Medical,Pharmacies
bc360f6d-ac00-4aac-8332-30e83549d8e2,Jr Motors RV & Marine,car_dealer,google_type,high,"Auto, RV & Marine",Car Dealerships
5e63e971-8d5c-45fd-bab1-46ab01b983a5,Morgan Motorsports,sporting_goods_store,google_type,high,Shopping & Retail,Sporting Goods
9cbf82cd-d948-4ec7-ae86-f32884d44261,Food City,grocery_store,google_type,high,Shopping & Retail,Grocery & Markets
d8bf5c61-8cb8-4262-b2ac-02bf6e8d9833,W.A.V.E. Culinary and Hospitality,educational_institution,google_type,high,Family & Education,Colleges & Higher Ed
47841fd6-42d0-4450-afbc-12903bd556e2,Havasu Watercraft Rental,real_estate_agency,google_type,high,Professional & Financial,Real Estate
45107f51-c10c-430b-bc27-d9d01680d6d6,Linda's Italian Foods,grocery_store,google_type,high,Shopping & Retail,Grocery & Markets
0a40b7e6-ac1a-4b65-8f5f-c4f48b86f57a,Chrysler Dodge Jeep RAM Auto Parts,auto_parts_store,google_type,high,"Auto, RV & Marine",Auto Parts
f2ae41c3-143a-4646-a130-ea0ab09acda8,GOLD DUST TATTOO AND PIERCING,store,name_keyword,high,Beauty & Personal Care,Tattoo & Piercing
6be8c1bd-5395-4524-a5ad-51b220fdd5eb,Heart and Sole Fitness & Wellness,health,google_type,high,Health & Medical,Primary Care
3ea1be2f-9b1a-4196-8f5d-dbf578812f3b,Surf Thru Express Car Wash,car_wash,google_type,high,"Auto, RV & Marine",Car Wash
7b4bffb6-262b-4cdb-9ca2-6e9461a97a50,Gashole Garage | Classic Car Sales,car_dealer,google_type,high,"Auto, RV & Marine",Car Dealerships
7d0c1e18-ed26-4d25-8742-f839464f0356,Texaco,gas_station,google_type,high,"Auto, RV & Marine",Gas Stations
54ea24b3-237b-487a-a79d-dbae9e78b600,Alco Marine Sales & Services,supplier,llm_keyword,low,"Auto, RV & Marine",Boat Repair & Service
fac8a994-083f-4dc4-9e06-16017f8d3957,Jum-Pawn-It,service,google_categories,low,Shopping & Retail,Hardware & Home Improvement
d918f1d3-5787-46d0-8374-4ebdb3a9fb8e,Immortal Beauty,body_art_service,google_type,high,Beauty & Personal Care,Tattoo & Piercing
c606c827-821b-40e7-99ea-e732fcd3f4ad,Best Moto Sports,auto_parts_store,google_type,high,"Auto, RV & Marine",Auto Parts
36aedc71-0d3b-442b-a30b-e4c32fdc0779,ReConnected Phone & Device Repair - Lake Havasu City,service,name_keyword,med,"Auto, RV & Marine",Auto Repair
a654c04a-cd6b-4bfc-a5bc-d6cf4d04807e,Sweet Treats & More,dessert_shop,google_type,high,Eat & Drink,Bakeries & Desserts
81ddd9fb-63b7-49ad-b6ec-7cb483ffbfc5,"Rodney Koenig, PAC",pharmacy,google_type,high,Health & Medical,Pharmacies
37acc37f-2659-40e5-b517-bf97ba826b42,Lowerys Truck Repair,car_repair,google_type,high,"Auto, RV & Marine",Auto Repair
776559b5-8064-4ed7-8d79-7cbb4ccbcda4,Arizona Sunsports,car_repair,google_type,high,"Auto, RV & Marine",Auto Repair
2eda20bd-864f-42f3-9d8b-fb05a063f66a,Lake Havasu Mobile Detail LLC,car_wash,google_type,high,"Auto, RV & Marine",Car Wash
68f869fe-bb57-4e10-8c63-d7ca83c539a6,ADRENALINE TRAILERS,car_repair,google_type,high,"Auto, RV & Marine",Auto Repair
56528dcc-928e-4650-ad65-e8a5ebdecfc4,Carniceria El Corral,grocery_store,google_type,high,Shopping & Retail,Grocery & Markets
5cd9bcf2-6580-41d3-bc9b-ec24da80484f,"The Back Nine Golf | Lake Havasu City, AZ",indoor_golf_course,google_type,high,Outdoors & Recreation,Golf Courses
d0303849-7c9a-4234-a214-f0ae4bf8041a,"Havasu Hearing Aids, LLC",store,google_categories,low,Community & Civic,Nonprofits & Charities
2d076510-a719-4673-aa75-2678da30a8ad,Walmart Vision & Glasses,store,name_keyword,high,Health & Medical,Eye Care
e8bda740-3b33-4707-b79f-67fb71fdd53b,Detailers Supply House,,name_keyword,med,Shopping & Retail,Hardware & Home Improvement
502d5784-f10f-4e9d-9c65-7309c0944ffb,Cashway Motors,car_dealer,google_type,high,"Auto, RV & Marine",Car Dealerships
e61a4bd0-dc24-4e5c-a7a4-263d5c3c9df7,believe it detail,,name_keyword,med,"Auto, RV & Marine",Auto/Marine Detailing
a2a353cf-42b7-4fce-b362-8649760653b4,Rok Dog Leashes,store,llm_judgment,low,Pets,Pet Stores & Supplies
35526ac7-758d-4e68-b4d8-f6df9bd25818,Mobile Marine and More,car_repair,google_type,high,"Auto, RV & Marine",Auto Repair
795875e9-1b0f-47d6-a3d0-83e55e57aea9,Concierge Health AZ,store,google_categories,low,Health & Medical,Primary Care
e4ba7c59-90a7-418e-a663-dfa20b16f906,Elite Mobile Tire Services,tire_shop,google_type,high,"Auto, RV & Marine",Tires
679be660-878e-4497-bf81-6f7a1f2a6fd3,Accurate Auto Care - Lake Havasu City,car_repair,google_type,high,"Auto, RV & Marine",Auto Repair
3b3f2be8-ae5d-4e53-8435-5ba237d4183f,Anderson Powersports Lake Havasu,supplier,name_keyword,med,"Auto, RV & Marine",Car Dealerships
1ec7ea25-6f09-44d5-b9f8-efe141adcb39,"Sun Country Marine Group, Lake Havasu City, AZ",supplier,llm_keyword,low,On the Water,Boat & Watercraft Rentals
d0f0dc27-2e44-4dc1-b4a7-0baf5868b7e7,The Darlin Pup,store,llm_judgment,low,Pets,Grooming
5c7d93f8-a8c9-49d7-bce2-c82eef246ed8,Dave's Appliance,home_goods_store,google_type,high,Shopping & Retail,Furniture & Mattress
6ae7d62e-63b3-4243-b9e5-4bebe00eb76a,Havasu Muffler & Auto Repair,car_repair,google_type,high,"Auto, RV & Marine",Auto Repair
f1136ae0-a7b2-4a42-a530-f9d7f232033b,Ms. Alexis Wolf,health,google_type,high,Health & Medical,Primary Care
15ca927f-6817-452c-b6be-075caff9b5e3,Anderson Chrysler Dodge Jeep Ram,car_dealer,google_type,high,"Auto, RV & Marine",Car Dealerships
cad0216a-d7f6-4b9e-96d2-2d57a77745ef,Benny’s Commercial Tires & Roadside Assistance LHC,tire_shop,google_type,high,"Auto, RV & Marine",Tires
c6b273f0-eb07-420f-a11b-6f90c17841be,Doggie Shades,store,llm_judgment,low,Pets,Pet Stores & Supplies
dee9dff7-ab61-47f7-b7f3-c8205b02bcae,Gear Up Motor Sports,store,google_categories,low,"Auto, RV & Marine",Auto Parts
3f29d5ed-b1a0-4568-a6d6-469184e9b39a,Angel's Hardscape Yard LLC,building_materials_store,google_type,high,Shopping & Retail,Hardware & Home Improvement
7dc7cc8e-6817-45af-811d-2eafd81df20e,Berry Cherry Frozen Yogurt,dessert_shop,google_type,high,Eat & Drink,Bakeries & Desserts
43c20010-05fa-4e20-b144-06d1ef24d1b0,Premier Chiropractic & Functional Medicine,health,google_type,high,Health & Medical,Primary Care
a71ff9d4-8fb4-4378-bc26-d43dd0763939,The UPS Store,shipping_service,google_type,high,Professional & Financial,Shipping & Postal
aabc68f5-2c68-4e1f-9a18-6aa66eac5251,Mc Coy Fishing Line Inc,store,name_keyword,med,On the Water,Fishing Charters & Guides
7281c9ce-be2f-4873-8b50-e20a6009b3e2,Shimmer Boat Service,supplier,llm_keyword,low,"Auto, RV & Marine",Boat Repair & Service
4def68ab-955a-40cd-bb7f-aa07be809b21,Albertsons Deli,deli,google_type,high,Eat & Drink,Restaurants
a368c44b-e787-4ec5-b691-d962ee019087,Any Radiator Service,car_repair,google_type,high,"Auto, RV & Marine",Auto Repair
9f0051b4-9960-4554-a8f3-7d6c02e4a8d8,COVID-19 Drive-Thru Testing at Walgreens,pharmacy,google_type,high,Health & Medical,Pharmacies
f8b3e1ad-17d4-4631-9717-a9946cdaeaf4,Hallett Boats,supplier,llm_judgment,low,"Auto, RV & Marine",Boat Sales
88c4e14b-e0c3-4d02-ace7-3ddbbec3122c,American Legion,association_or_organization,google_type,high,Community & Civic,Nonprofits & Charities
a08914b6-f3d8-4046-bf79-327d050f06a8,Havasu CrossFit,gym,google_type,high,Fitness & Wellness,Gyms & Fitness Centers
8e1b8645-10d3-4b72-9461-86092af47090,Attention 2 Detail,car_wash,google_type,high,"Auto, RV & Marine",Car Wash
54f42a95-0f90-43c6-9ab3-ac6e857bca4a,Lake Havasu Cigars,store,google_categories,low,Eat & Drink,Bars & Breweries
aeba05c2-cc76-4042-89e6-c61915a8e962,Joker Machine,auto_parts_store,google_type,high,"Auto, RV & Marine",Auto Parts
df5c78fe-76ec-4acb-867e-bee23d5ff511,Fine Line Muffler-N-Automotive,car_repair,google_type,high,"Auto, RV & Marine",Auto Repair
1f45cc62-0da7-46c7-9e8d-cc256c4016a4,PetSmart Dog Training,service,name_keyword,high,Pets,Training
cabaf69b-8723-4d6c-bfa4-e9199b11f475,Marathon Gas Station & Oasis Food Mart,gas_station,google_type,high,"Auto, RV & Marine",Gas Stations
b58a0370-fb1a-4142-8f1c-1913ae076524,ProPrecision Sand & Offroad,car_repair,google_type,high,"Auto, RV & Marine",Auto Repair
322f1a5d-16e7-430b-8a5f-083e6389538e,Bashas',grocery_store,google_type,high,Shopping & Retail,Grocery & Markets
e30f761d-e283-40cd-81e1-7e821224c851,76,gas_station,google_type,high,"Auto, RV & Marine",Gas Stations
2d55dc41-23f1-4439-99fd-6daf7fcfba7d,Snap Fitness Lake Havasu City,gym,google_type,high,Fitness & Wellness,Gyms & Fitness Centers
58094cb8-c541-43b2-9ec7-604bafc90a94,Lake Havasu Golf Club East,,name_keyword,med,Outdoors & Recreation,Golf Courses
3d978b56-eeab-4e7d-9ce3-d5b6a1d98da3,Bridgewater Links Disc Golf Course,,name_keyword,high,Outdoors & Recreation,Disc Golf
9b75cc7f-2de7-480f-9334-b166743ba70a,JCPenney Salon,beauty_salon,google_type,high,Beauty & Personal Care,Hair Salons & Barbers
39a69ed4-681d-4308-b0d5-bdd97f449a7b,Anderson Toyota,car_dealer,google_type,high,"Auto, RV & Marine",Car Dealerships
f56cc5e8-ab82-4ef7-a47a-92550ae67c6c,Dillard's,department_store,google_type,high,Shopping & Retail,Gifts & Boutiques
a4b96f6e-62c6-4860-a99b-899b0c0a3e08,Grand Island Disc Golf Course,,name_keyword,high,Outdoors & Recreation,Disc Golf
beb4fe1d-570a-49ac-a8f7-789a46584bfc,SARA Park Disc Golf Course,,name_keyword,high,Outdoors & Recreation,Disc Golf
b4975b58-aaa0-4927-86ab-f0f238bab178,Ken's Pizza N Pasta,pizza_restaurant,google_type,high,Eat & Drink,Restaurants
aaf5c65b-ff4a-4d9c-a5a1-3775d3689fca,Hualapai Mountain Park,,name_keyword,med,Outdoors & Recreation,Parks & Playgrounds
c6ca4579-e98a-472d-aab4-3a4de922d796,Deer Creek Canyon at Haulapai Mountain,,llm_judgment,low,Outdoors & Recreation,Disc Golf
59a754cb-b483-4b48-bd37-d9adf8cfb7d8,Riverview Disc Golf Course,,name_keyword,high,Outdoors & Recreation,Disc Golf
e37ef621-2ac1-47a3-9c5d-9f096ba7baae,Mohave Valley Community Park Disc Golf Course,,name_keyword,high,Outdoors & Recreation,Disc Golf
13dc22dc-4c99-4085-bba8-1041967b2dc3,Mountainview at MCC,,llm_judgment,low,Outdoors & Recreation,Disc Golf
343c291f-2b78-4db2-aead-5fc2771d79b8,Boat House Grill,restaurant,google_type,high,Eat & Drink,Restaurants
0452e788-b8ce-4df1-96b9-3dadd6e6ec34,The Ark Center Stonebridge Christian Center,,llm_judgment,low,Community & Civic,Community Centers
dda6bb44-7304-4381-ba64-8aa97979ea80,Define Medical Esthetics,spa,google_type,high,Beauty & Personal Care,Day Spas & Massage
70ee0292-abdc-4796-9f76-be9879e6579f,Fit Lab 928,gym,google_type,high,Fitness & Wellness,Gyms & Fitness Centers
d16cd92e-9421-4583-a7cf-32faf0d1b3cc,Rods & Relics Room Aquatic Center,,llm_judgment,low,Outdoors & Recreation,Parks & Playgrounds
4fe746ed-e3f5-4ba6-9f74-9df23c1ae30c,Dick Samp Memorial Park,,name_keyword,med,Outdoors & Recreation,Parks & Playgrounds
20983110-0ad3-47a7-8c42-585e52d0fe58,Islander Rv Resort,,name_keyword,med,"Auto, RV & Marine",RV Sales & Service
9c54e506-ffc9-4f31-818a-86d3de229866,London Bridge Beach Park,,name_keyword,med,On the Water,Beaches & Swim Areas
19e720be-17f5-4573-877f-7049e6f288e1,Dek X USA LLC,store,google_categories,low,Shopping & Retail,Furniture & Mattress
f0d0dc49-3713-4ce4-883f-32c50221cfd3,Jersey's American Grill,restaurant,google_type,high,Eat & Drink,Restaurants
84895266-b797-4cf5-ac98-0c4312b4af87,El Pollo Loco,mexican_restaurant,google_type,high,Eat & Drink,Restaurants
203617c9-b6d8-4a35-9d95-90dfb21a0f6c,Ballet Havasu,,name_keyword,med,Fitness & Wellness,Dance Studios
a1fb1073-43a1-40d8-b3cc-fc421c0740d1,Iron Age Gym,gym,google_type,high,Fitness & Wellness,Gyms & Fitness Centers
547b8e07-1bd3-4871-acc6-55c44c113b84,Total Marine Pros and Powersports,store,google_categories,low,Shopping & Retail,Furniture & Mattress
86689542-cea3-4d35-b9f1-cf88023ad98c,Stetson Winery & Event Center,,llm_judgment,low,Eat & Drink,Bars & Breweries
eef191c9-5b9d-47f1-b56d-381bfa70e83e,Subway at Southside Basha's Plaza,,provider_subcat,high,Eat & Drink,Restaurants
6344141e-50fe-4b67-a89b-a569bfb85782,HEAT Bar @ The HEAT Hotel,,provider_subcat,high,Eat & Drink,Restaurants
7675ed32-9a05-4d2a-8186-c011115ad875,Bradley Ford of Lake Havasu City Parts,auto_parts_store,google_type,high,"Auto, RV & Marine",Auto Parts
d937ac20-a33c-4859-adc0-4eb8783d90ff,Havasu Tropical Oasis Floating Rentals,,llm_judgment,low,On the Water,Boat & Watercraft Rentals
608aae55-5e36-4ab1-a00d-9779043b3e80,Rentals on the Beach,,name_keyword,med,On the Water,Beaches & Swim Areas
fc367380-e688-439b-84e4-e2e28945b5c8,Desert Diamond Distillery Factory Tour,,llm_keyword,low,Things to Do & Attractions,Tours & Sightseeing
ef78efd8-fe42-4322-987d-9dffca248645,Domino's Pizza,pizza_restaurant,google_type,high,Eat & Drink,Restaurants
27bbc08a-d2b1-4940-b72f-15885f80569f,Chipotle Mexican Grill,mexican_restaurant,google_type,high,Eat & Drink,Restaurants
74c8ac5f-b235-4af9-a711-93e8126da369,Peggy's Sunrise Cafe,breakfast_restaurant,provider_subcat,high,Eat & Drink,Restaurants
1a7a9113-6880-471c-a532-9584327746c6,McDonald's,fast_food_restaurant,google_type,high,Eat & Drink,Quick Bites & Takeout
754fcf5c-9d75-45fc-bacb-499f0885b1da,ZENSHI Handcrafted Sushi,restaurant,google_type,high,Eat & Drink,Restaurants
889d3e98-7f44-4239-a03a-3ef3b3053f25,Luxe Esthetics & Beauty Bar,spa,google_type,high,Beauty & Personal Care,Day Spas & Massage
823e7091-5a31-4330-8a90-a5d9f04e99c5,B.A.B.E. Esthetics,beauty_salon,google_type,high,Beauty & Personal Care,Hair Salons & Barbers
ef104299-2ae0-4a4b-b3dc-ea502bfb8d12,Broken Yolk Cafe,breakfast_restaurant,provider_subcat,high,Eat & Drink,Restaurants
058b201b-1f7a-4abc-84a5-cd90fa25416d,GraceArts LIVE Performing Arts Theatre,,llm_judgment,low,Things to Do & Attractions,Theaters & Cinema
3ced1911-fd89-4dd9-ae7c-01fa9006f12b,Lake Havasu Airboat,,llm_judgment,low,On the Water,Boat Tours & Charters
fdf3da49-9767-49ad-a7d5-ff3015282806,ChaBones,steak_house,google_type,high,Eat & Drink,Restaurants
1cca9abb-4eba-4ee1-bb43-ccdad1403e67,Bill Williams River National Wildlife Refuge,,name_keyword,med,Outdoors & Recreation,Parks & Playgrounds
f0bd36c3-f6c9-4476-9858-dd4eb6c69815,Western Arizona Canoe & Kayak Outfitters (WACKO),,name_keyword,high,On the Water,Kayak & Paddle
61d3f794-ab35-4ee2-ad36-1631dec2aa3d,Marisa's Italian Deli,italian_restaurant,google_type,high,Eat & Drink,Restaurants
6410f94b-1975-4ffe-844b-288c22bb9621,Makai Cafe,breakfast_restaurant,provider_subcat,high,Eat & Drink,Restaurants
01f70d2a-68a9-4261-afb7-f4d5b339d01c,Circle K,convenience_store,google_type,high,Shopping & Retail,Convenience
68521aeb-edfb-4327-9e8d-5ddb0ebdd750,Pizza Hut,pizza_delivery,google_type,high,Eat & Drink,Quick Bites & Takeout
e835ea40-89d2-4ba2-b8fa-602a60966130,Debra's Skin Care & Vitality Spa,beauty_salon,google_type,high,Beauty & Personal Care,Hair Salons & Barbers
956d6bf6-430d-4114-9afd-f90f976f3000,Scoops Homemade Ice Cream,ice_cream_shop,google_type,high,Eat & Drink,Bakeries & Desserts
c1e4fb43-75f2-44e3-8ad9-72cfa57ef508,River Blend Coffee Company,coffee_roastery,google_type,high,Eat & Drink,Cafés & Coffee
8b61672d-cebb-4f78-abd3-8c0d0eed4f0a,Sugar & Skin Studio,beauty_salon,google_type,high,Beauty & Personal Care,Hair Salons & Barbers
e6dffbce-7377-4628-ba15-9ac759881497,In-N-Out Burger,hamburger_restaurant,google_type,high,Eat & Drink,Quick Bites & Takeout
62f80319-bba3-4d2a-a014-8187f887abe9,Prestige Customs LLC,car_repair,google_type,high,"Auto, RV & Marine",Auto Repair
d6b2dca0-14c1-4ac2-ab30-db00dbc98ae5,West Marine,store,google_categories,low,Shopping & Retail,Clothing & Apparel
726e79ce-89e3-4933-92e0-f2b9f55ddd8d,Our Shabby Shack & Book Exchange,book_store,google_type,high,Shopping & Retail,Gifts & Boutiques
545a392a-9c8d-47bc-b29f-1f0d02d013ea,Debonair Dogs,pet_care,llm_judgment,high,Pets,Grooming
f0f0dd01-3de9-43d4-9ee9-2106c422c148,Havasu Used Truck & SUV,car_dealer,google_type,high,"Auto, RV & Marine",Car Dealerships
760a638b-c7d7-4229-b539-9a4b26e1f187,Tire Man of Lake Havasu,tire_shop,google_type,high,"Auto, RV & Marine",Tires
582e4157-ae85-4475-a644-4af17c6b2f84,"Legal Wizard LHC, LLC",consultant,name_keyword,high,Professional & Financial,Attorneys
3695b801-6f99-4205-8fde-0b3a37f76046,Carl's Jr.,fast_food_restaurant,google_type,high,Eat & Drink,Quick Bites & Takeout
b060a61a-f89e-4a16-98ea-deb479ecd717,Audibel Hearing Center,store,google_categories,low,Community & Civic,Nonprofits & Charities
902b6959-c045-4035-b3f1-c50544fde8ca,Airtech Air Conditioning and Heating,general_contractor,google_type,high,Home & Property Services,General Contractors
0772be62-514e-400a-aac4-a56f4fe082b8,Premier Detailing,,provider_subcat,high,On the Water,Boat & Watercraft Rentals
79d2c1c1-cddb-4de6-ba5d-fdda8d1f5cbc,Pilot Travel Center,truck_stop,google_type,high,"Auto, RV & Marine",Gas Stations
f4b332d6-af27-466c-ba0c-5f66871549d4,Mystique detailing llc,,provider_subcat,high,On the Water,Boat & Watercraft Rentals
242b2924-605e-4633-a592-fbd703df66a1,Motoseat Mfg. World Headquarters,store,llm_judgment,low,"Auto, RV & Marine",Powersports & ATV
fa2e1808-bed6-4d54-b560-6271d5b15435,KFC,chicken_restaurant,google_type,high,Eat & Drink,Quick Bites & Takeout
423a80ad-17d5-49f1-a20a-4817ccb1f9ac,River Rat Motorsports,store,llm_judgment,low,"Auto, RV & Marine",Powersports & ATV
c3f2ec47-2f48-4249-ac73-2285c0bc956d,Nutrition One,store,name_keyword,med,Fitness & Wellness,Personal Training
11564152-e143-4f4e-9be1-936d6b1b393a,D-J's RV Park,rv_park,google_type,high,Lodging,RV Parks & Campgrounds
f005d33d-b165-47d6-af61-d5896f6f453b,Campbell Cove 1-Stop,gas_station,google_type,high,"Auto, RV & Marine",Gas Stations
159204fc-3baf-4c15-bf0f-028ace6b4dc8,Natural Gold Wellness & Beauty CBD,store,google_categories,low,Beauty & Personal Care,Nail Salons
02933988-487a-409f-ac03-3d6328ef4478,Starbucks Coffee Company,coffee_shop,google_type,high,Eat & Drink,Cafés & Coffee
55850768-81aa-42d0-b568-96329f7198fe,Posh Planning & Event Co.,service,llm_judgment,low,Professional & Financial,Event Planning [NEW]
d1a119ac-6417-4193-9d0a-761f872df2cd,Thompson Bay Beach,sports_activity_location,google_type,high,Outdoors & Recreation,Parks & Playgrounds
7dab673b-722d-4539-8006-c38940f36059,Nautilus Elementary School,primary_school,google_type,high,Family & Education,K-12 Schools
7be7251c-e9e0-40f0-a69b-010ee0dbd383,Connolly Marine Performance,store,google_categories,low,"Auto, RV & Marine",Auto Parts
8143eb0e-64f1-4ccc-82e1-052405130c6d,Wolfie's Hawaiian inspired Bbq,barbecue_restaurant,google_type,high,Eat & Drink,Restaurants
a176b6ff-e45f-46e4-b7d5-5337f59705c0,Wolfie's,restaurant,google_type,high,Eat & Drink,Restaurants
7c000e2e-2190-42c5-a83c-8c8cfae3d43c,Homes by Wiesner,general_contractor,google_type,high,Home & Property Services,General Contractors
e4fcdb77-b0e7-41fd-af95-4687b25acf24,Pure Choice Motorsports,auto_parts_store,google_type,high,"Auto, RV & Marine",Auto Parts
31af663c-f594-4950-a075-59e2b72450a6,Bella Faccia Skincare and Pilates,beauty_salon,google_type,high,Beauty & Personal Care,Hair Salons & Barbers
15c73487-3905-4b1c-aa05-115d5abf804e,Keva Juice,juice_shop,google_type,high,Eat & Drink,Cafés & Coffee
0e55da0c-a0d5-446c-abf2-17013a4b75e6,"Palm Tree RV Sales, LLC",car_dealer,google_type,high,"Auto, RV & Marine",Car Dealerships
d757bbe9-6726-4aac-b80d-9deaa351804c,Dr. Sylvia Rimbergas - Pediatric Eye Exam,health,google_type,high,Health & Medical,Primary Care
a380799a-b2d9-4ca5-9bee-0abd71efd011,Bradley Chevrolet,car_dealer,google_type,high,"Auto, RV & Marine",Car Dealerships
105cdc4c-a6f6-4009-ac6d-4650286b2eee,Clean Concepts Inc.,car_repair,google_type,high,"Auto, RV & Marine",Auto Repair
1da2d664-200b-4999-823e-4f31010c5864,Havasu Auto Care,car_repair,google_type,high,"Auto, RV & Marine",Auto Repair
73940aba-0788-460a-8913-83590d902923,Culver’s,american_restaurant,google_type,high,Eat & Drink,Restaurants
e1c8e2f4-5772-4a85-8b5c-7f5f9b3921e9,McAtlin Electrical Group,electrician,google_type,high,Home & Property Services,Electrical
d7b89a29-b541-4d49-92f2-55a640baf00e,Bubbles N Bows Grooming Salon,pet_care,llm_judgment,high,Pets,Grooming
f4d3cd40-3f7b-494f-bc95-31b513dee3a7,Ron's In Your Ear Audio & Fiberglass Repair,auto_parts_store,google_type,high,"Auto, RV & Marine",Auto Parts
eba9ce5c-eb70-49eb-a764-c0b2a0f6995b,Team RDP at eXp Realty,real_estate_agency,google_type,high,Professional & Financial,Real Estate
0f95a86e-d019-41b1-b425-3518214bd190,El Padrino Italian Bistro,italian_restaurant,google_type,high,Eat & Drink,Restaurants
39253c6f-a24a-40f0-ad06-31dd77e0ba7a,Burgers by the Bridge,hamburger_restaurant,google_type,high,Eat & Drink,Quick Bites & Takeout
34cc2ed8-13b9-4352-8490-ee163e872b21,Circle K | Gas Station,gas_station,google_type,high,"Auto, RV & Marine",Gas Stations
fef9ddbe-af81-4287-a5a5-840659c6d3ec,Chevron,gas_station,google_type,high,"Auto, RV & Marine",Gas Stations
907d5d91-940b-435b-b3cc-3c6239907aee,Hava Event Planner & Coordinator,service,llm_judgment,low,Professional & Financial,Event Planning [NEW]
b764ff5e-f473-487d-8778-cd8012dc429d,ZENSHI Handcrafted Sushi,restaurant,google_type,high,Eat & Drink,Restaurants
3a8cc817-84d8-42d9-a3d3-cf158c6672c6,Havasu Balloon Festival and Fair (HBFF),,llm_keyword,low,Things to Do & Attractions,Tours & Sightseeing
646e3f18-a894-43dc-88f8-1e98b5612259,Havasu Art Center,art_gallery,google_type,high,Things to Do & Attractions,Museums & Galleries
79dc0302-5edd-4426-ae2e-84033cfdfaf5,Havasu Landing Resort & Casino,,provider_subcat,high,Outdoors & Recreation,Parks & Playgrounds
ef8f2638-fc19-48b3-9f6d-fc90227d46ca,Wild Goose Tattoo,store,name_keyword,high,Beauty & Personal Care,Tattoo & Piercing
66c48b7a-1374-4e12-87d5-a74798f09bb5,Lake Havasu Pediatric and Family Clinic,health,google_type,high,Health & Medical,Primary Care
00be5e6c-7af8-4c84-9644-36ce89336870,Nails By Jen,nail_salon,google_type,high,Beauty & Personal Care,Nail Salons
03f3f543-2622-4e1f-8d93-1592eed68715,Xanadu,point_of_interest,provider_subcat,high,Lodging,Hotels & Motels
c9250382-a416-4c0e-a8c3-90ff74a88a22,Domino's Pizza,pizza_delivery,google_type,high,Eat & Drink,Quick Bites & Takeout
88cbf2c3-6ea6-418e-aa3e-0a4df97dbc9d,Fraternal Order of Eagles,association_or_organization,google_type,high,Community & Civic,Nonprofits & Charities
cfe2c680-daa7-4900-bd86-a8b90d9fbc1a,Damn Near Perfect Laser and Skin Spa,spa,google_type,high,Beauty & Personal Care,Day Spas & Massage
f1d71e79-2656-4b54-9c8d-0e1fc60d1cda,Knights of Columbus,association_or_organization,google_type,high,Community & Civic,Nonprofits & Charities
1fa95612-1f7b-48c6-b5ee-5f445d67f1d0,Black Meadow Landing Diner,,provider_subcat,high,Eat & Drink,Restaurants
f8b61223-6c92-49b4-9063-7b3a85a27084,Kreations by Kendra,bakery,google_type,high,Eat & Drink,Bakeries & Desserts
b50975ed-4a2a-47e1-a517-d4d1484a6daf,"John C. Twomey, PT",physiotherapist,google_type,high,Health & Medical,Physical Therapy
755d9a0c-9972-4a3c-9623-cb30f9a8eddd,Dental Specialists of NW Arizona,dentist,google_type,high,Health & Medical,Dentists & Orthodontists
f9422afa-cabd-484e-8aea-ecfbab9df8a1,Blythe Intaglios,,llm_judgment,low,Things to Do & Attractions,Landmarks & Sights
8c769188-1d26-4769-bc4d-1b85b25b08e4,Grand Canyon West,,llm_judgment,low,Things to Do & Attractions,Landmarks & Sights
23742b60-f6f3-4d30-bab2-b25d87076442,Mark's Marine Service LLC,,name_keyword,high,"Auto, RV & Marine",Boat & RV Storage / Service
0857e82e-3a2e-4a3d-a861-6e2489576701,Frontier Skin and Cancer,doctor,google_type,high,Health & Medical,Primary Care
96cd81c4-c040-471f-81f2-d0ffbe5035c0,Bradley Ford of Lake Havasu City,car_dealer,google_type,high,"Auto, RV & Marine",Car Dealerships
7589f46b-bb29-4be6-895b-c5dd20192dbb,Mojave Resort Golf Club,,name_keyword,med,Outdoors & Recreation,Golf Courses
dc675624-ccab-4a7e-8a62-10634aa940a3,Chaparral Golf Course,,provider_subcat,high,Outdoors & Recreation,Parks & Playgrounds
029b0dee-b52c-4fcd-b6cb-b3e469c19606,Serenity Beauty Lash Co. & Academy,beauty_salon,google_type,high,Beauty & Personal Care,Hair Salons & Barbers
8f5cb6e0-7411-4819-abe2-42e7690d981f,Studio 108,nail_salon,google_type,high,Beauty & Personal Care,Nail Salons
3e7baac8-e2de-4a94-b9e9-426cfe7c85c4,Site Six Fishing Pier,,provider_subcat,high,On the Water,Boat & Watercraft Rentals
88ae51b0-26d6-4eaf-b11a-751172472fbf,Subway at Smith's Shopping Center,,provider_subcat,high,Eat & Drink,Restaurants
d4439570-f750-402d-a464-298e2a811141,Az Coast Radiology Wide Open MRI,medical_clinic,google_type,high,Health & Medical,Primary Care
4da37016-f379-4320-b86c-6866d6989f7f,WET Pool Bar at The Nautical Beachfront Resort,,provider_subcat,high,Eat & Drink,Restaurants
b9ec0ba4-22dd-4329-834e-5af5a5ecef2d,Robert Novack,doctor,google_type,high,Health & Medical,Primary Care
69fe3102-4934-44ea-bf1e-d069c970bee4,Dr. Kevin Wogalter,health,google_type,high,Health & Medical,Primary Care
e2510e0e-6f52-433b-af3a-8b321b873ffd,Waters Edge Winery Havasu,winery,google_type,high,Eat & Drink,Bars & Breweries
785882a0-f5d9-4fc6-8852-10f9c5adb15d,Swivel & Sway Ballroom Dance,school,google_type,high,Family & Education,K-12 Schools
98a26522-f106-46a5-9a7f-61dbfd0859fa,Dr. Ryan Bullen,dentist,google_type,high,Health & Medical,Dentists & Orthodontists
19d09ecb-d537-4d4b-b8ed-433a53496eb5,Copper Canyon Realty,,name_keyword,high,Professional & Financial,Real Estate
baa7fcb1-f54c-4e35-a78a-bca30f234008,Vidad & Associates,consultant,google_categories,low,Professional & Financial,Financial Advisors
82fcc6c9-9edd-4140-ad96-97ec46558042,Route 66 Museum | Powerhouse Visitor Center,,llm_judgment,low,Community & Civic,Government & MVD
f06ac879-a768-4dd3-b290-78ca3c38648d,Barrett Custom Marine,service,provider_subcat,high,On the Water,Boat & Watercraft Rentals
ac359289-a67b-4e98-9800-53d9d04170c2,"Dr. Nael Dagstani, NMD",health,google_type,high,Health & Medical,Primary Care
b60de43a-17c0-4c79-897f-aa1165dedb3a,Donut Post,,provider_subcat,high,Eat & Drink,Restaurants
d7a29c6e-6b86-4355-93d6-c6183b2ef888,Pick Ur Potion Coffee Co,coffee_shop,google_type,high,Eat & Drink,Cafés & Coffee
acc89a0c-aaff-41cb-b7b7-7341b22e8ed1,Dr. Ryan Kurtz,dentist,google_type,high,Health & Medical,Dentists & Orthodontists
d61b1b25-c01f-4c80-aebe-f3e5dbda2667,Richard Coburn,dentist,google_type,high,Health & Medical,Dentists & Orthodontists
d7d09366-da0e-4859-a84e-62dbc57bc128,"Dr. Teresa J. Tibbetts, MD",doctor,google_type,high,Health & Medical,Primary Care
7302bf1a-6785-49aa-927b-cb9d062e8f80,Havasu Shao-Lin Kempo,sports_school,google_type,high,Family & Education,Kids' Classes & Camps
251f6b56-30df-43d3-be2d-c68c9f2e6d8b,Sweet Peas & Sage,lawyer,google_type,high,Professional & Financial,Attorneys
8dfde12a-672b-4455-8415-a8616949c1fe,On The Chip Performance & Repair,car_repair,google_type,high,"Auto, RV & Marine",Auto Repair
da40963a-515f-4061-a50d-3904ce19e599,Accelerated Detail,car_wash,google_type,high,"Auto, RV & Marine",Car Wash
bdb77299-17d2-49a1-8acb-26fd489cc8c6,Competitive Trailers,car_repair,google_type,high,"Auto, RV & Marine",Auto Repair
1fd0961c-d67a-4967-84e9-a3b92732b75b,"Everything Tire, Automotive & Marine",car_repair,google_type,high,"Auto, RV & Marine",Auto Repair
5946efe2-0cd7-4a89-ab81-69b0c5a35946,H&R Block,consultant,google_categories,low,Professional & Financial,Financial Advisors
44c91ccf-454e-4386-b2fd-2c309a98f884,Complete Acctg and Tax,finance,google_type,high,Professional & Financial,Financial Advisors
61a3b292-e5ae-4d83-85da-6663ee5dc202,Rick Clark's Automotive,car_repair,google_type,high,"Auto, RV & Marine",Auto Repair
5e586ca4-c343-4e60-a969-d4ae110876e3,Custom Paint Specialties,car_repair,google_type,high,"Auto, RV & Marine",Auto Repair
19f08982-969d-416c-a706-01c83c6121f7,LAKE PLACE INN,motel,google_type,high,Lodging,Hotels & Motels
0000713b-58f0-42a0-a084-effc2da4f738,Britton's Auto Truck & RV Repair,car_repair,google_type,high,"Auto, RV & Marine",Auto Repair
36903bbb-93d7-4c12-aa06-0de580743250,Havasu Express Car Wash,car_wash,google_type,high,"Auto, RV & Marine",Car Wash
4794ae4e-a31e-4ac9-8b8c-3e412cfb7a32,Scott's Insane Choppers,car_repair,google_type,high,"Auto, RV & Marine",Auto Repair
aefb5deb-0a3c-41e3-849d-d757052ebf49,Detail Wizardry,,name_keyword,med,"Auto, RV & Marine",Auto/Marine Detailing
361c10fd-5712-4613-8d85-bd0c2199ea9f,Gosselin Automotive Services,car_repair,google_type,high,"Auto, RV & Marine",Auto Repair
914895eb-e668-412b-9273-8f51674f097b,Tapped Out Mobile Detailing,car_wash,google_type,high,"Auto, RV & Marine",Car Wash
bf25cf84-9315-4323-936c-229dfa367ff1,Twisted Metal Cycle Shop,car_repair,google_type,high,"Auto, RV & Marine",Auto Repair
fec721bc-2695-486b-8560-2ac4a183eb06,GNG Auto Service,car_repair,google_type,high,"Auto, RV & Marine",Auto Repair
1e7a54ce-a23b-43fd-adf4-3026eca8493f,Whelan Kristy M DO,doctor,google_type,high,Health & Medical,Primary Care
06cc5337-8f50-4472-84ad-ade1f9758708,Kathleen T Webster-maloney: Primerica - Financial Services,consultant,name_keyword,med,Professional & Financial,Financial Advisors
e2904023-b891-41c3-9a46-f498f3f4b076,White Glove Detailers,,llm_judgment,low,"Auto, RV & Marine",Auto Detailing
736a4804-15d3-4cb3-9753-1ce893e118ef,Bodyline Auto Body and Paint,car_repair,google_type,high,"Auto, RV & Marine",Auto Repair
d9d41fea-5119-4d0a-bcd2-db6b03b8e124,"Dr. Tequa A. Salehi-Rad, DO",doctor,google_type,high,Health & Medical,Primary Care
fa33afe2-5ec8-4419-ac61-6cebfd976d72,Black Meadow Landing,,provider_subcat,high,Lodging,Hotels & Motels
6dd32999-bb7f-4fbd-ba0d-7f66bc627597,Arizona's Fun On The Water,,provider_subcat,high,On the Water,Boat & Watercraft Rentals
3df3ff69-a921-4792-a1a3-d2452ae72a6c,Quality Inn & Suites Lake Havasu City,hotel,google_type,high,Lodging,Hotels & Motels
178cec83-9fe0-4300-a420-d4ae7bd1e781,911 Mobile Mechanic,car_repair,google_type,high,"Auto, RV & Marine",Auto Repair
c84550a0-6dd5-4786-b67a-94b362ddea46,Keystone Kreative Designs,jewelry_store,google_type,high,Shopping & Retail,Jewelry
4f491a44-68d2-48c8-8e18-46ee4dcf00c3,Blacktop Customs,car_repair,google_type,high,"Auto, RV & Marine",Auto Repair
b92efea5-5baf-46c8-a5e6-034513f74abe,"Done Right Auto, RV, A/C and Alignment",car_repair,google_type,high,"Auto, RV & Marine",Auto Repair
b077fb1c-4762-4d91-8bf0-38d0f850eee0,Stonebridge Pier,marina,google_type,high,On the Water,Marinas & Launch Ramps
fe13d3db-c0bc-4af8-bd6f-2219910eb3aa,DBR,car_repair,google_type,high,"Auto, RV & Marine",Auto Repair
055cc60e-f6a2-49e8-b0ac-3279f83f80e8,Chevron,gas_station,google_type,high,"Auto, RV & Marine",Gas Stations
6780bf3b-7c8e-4db5-b7d4-936208ac5511,Budget Car Rental,car_rental,google_type,high,"Auto, RV & Marine",Car Rental
171d3038-5e00-445d-86a7-c630d5b5c4d4,Lake Havasu Golf Club - East Course,,provider_subcat,high,Outdoors & Recreation,Parks & Playgrounds
f3e780aa-0ccf-4ef2-8d0e-1a259682b828,Bird Watching,,provider_subcat,high,Outdoors & Recreation,Parks & Playgrounds
bdc170b4-abf7-417b-bf41-72f9af879cb1,Three Dunes Trail,,provider_subcat,high,Outdoors & Recreation,Parks & Playgrounds
f7752e55-0fe9-439a-8257-684b86520fe6,Freedom Automotive,car_repair,google_type,high,"Auto, RV & Marine",Auto Repair
bf778f00-3698-4ffe-a872-a5207cafa118,Carburetion Specialties & Performance Full Automotive and Boat Service / Repair,car_repair,google_type,high,"Auto, RV & Marine",Auto Repair
ff60816d-f7c8-459a-8f74-6db45f933536,Hy-Tech Repair,car_repair,google_type,high,"Auto, RV & Marine",Auto Repair
437a1392-a2a0-4427-8849-514e0268e30c,Jones Precision Auto,car_repair,google_type,high,"Auto, RV & Marine",Auto Repair
c45d365a-63e8-4329-8ae9-888e5ada32ef,Bird Watching in the Havasu National Wildlife Refuge,,provider_subcat,high,Outdoors & Recreation,Parks & Playgrounds
1f1d28ac-4aba-40e4-b0a3-4ad05196fe77,All done Mobile mechanic,car_repair,google_type,high,"Auto, RV & Marine",Auto Repair
1caeeb95-6381-4975-bf5f-be8bf077bdfe,Low Cost Ignition Interlock,manufacturer,google_categories,low,"Auto, RV & Marine",Auto Repair
af12f063-c437-43b6-9c0d-1aca81f92769,Self Car Wash,car_wash,google_type,high,"Auto, RV & Marine",Car Wash
9d80a435-70b5-4226-bf1a-6b475df90384,Patio Paradise,furniture_store,google_type,high,Shopping & Retail,Furniture & Mattress
b071a080-15c2-4564-8399-8e43906a75e1,"Brandon's Auto, RV & Marine",car_repair,google_type,high,"Auto, RV & Marine",Auto Repair
a9e4fb65-9bc1-4ec4-9614-c19676f7cf00,911 Mobile Mechanic,car_repair,google_type,high,"Auto, RV & Marine",Auto Repair
f9e05433-6d4e-47e8-88d7-829c0958a42c,Rotary Community Park,,provider_subcat,high,On the Water,Boat & Watercraft Rentals
a3181413-27cc-4d6c-a1c1-3525b8e05e82,Louis Performance Engines,car_repair,google_type,high,"Auto, RV & Marine",Auto Repair
e8d25cba-d943-4b9d-86f4-f4831fda759b,Kristie Day - Coldwell Banker Realtor,service,name_keyword,high,Professional & Financial,Real Estate
e9236834-04fd-48a9-a014-3817f24b4d1a,"Edward Jones - Financial Advisor: David W Combs, CFP®|CRPC™",consultant,name_keyword,med,Professional & Financial,Financial Advisors
1dfae6d2-a7e3-4550-94a7-8b84fb32dd99,Bulletproof Motorsports,car_repair,google_type,high,"Auto, RV & Marine",Auto Repair
939053d2-7b0b-4d89-b291-1621a44f4151,Stormy Wade Courts,tennis_court,google_type,high,Outdoors & Recreation,Parks & Playgrounds
a87db1f7-bc7a-4fc5-8508-8ac9f429a915,Bob's My Shop,car_repair,google_type,high,"Auto, RV & Marine",Auto Repair
47968a84-8e5f-47bc-b874-0ae45e62cda6,Robinson Automotive,car_repair,google_type,high,"Auto, RV & Marine",Auto Repair
e2a7e57a-4354-4d23-9768-87bbabab3a22,KIOWA CAR WASH,car_wash,google_type,high,"Auto, RV & Marine",Car Wash
ee598543-e510-4d51-8158-ee3f57359af7,The Vicki Runyon Group,real_estate_agency,google_type,high,Professional & Financial,Real Estate
5fc0d67e-30a1-43d9-a086-b3f3c2cff477,Suds in the tub dog grooming,pet_care,llm_judgment,high,Pets,Grooming
452800cd-7ca0-42af-abf6-66e1d07e9144,Zion Paralegal,consultant,llm_judgment,low,Professional & Financial,Attorneys
7685da08-b4b9-40aa-9c15-9c3503163511,London Bridge Jet Boat Tour,,provider_subcat,high,On the Water,Boat & Watercraft Rentals
73f86594-fb2b-4570-bf1e-48dcfae6fab8,Big TS,service,web_research,low,Home & Property Services,Landscaping & Lawn
51a5d833-4a71-4a68-918e-1aa7054f3edf,Gelcraft Customs,service,provider_subcat,high,On the Water,Boat & Watercraft Rentals
6f3247f3-a916-4075-a211-b917bf4ebd86,The Human Bean,coffee_shop,google_type,high,Eat & Drink,Cafés & Coffee
defabb3f-f860-4914-970b-1a8372683898,Perfect Nails & Spa,nail_salon,google_type,high,Beauty & Personal Care,Nail Salons
3da9c5fc-9e6a-4b21-9ad3-72f07e381971,Psalms Learning Center,school,google_type,high,Family & Education,K-12 Schools
69c4d153-980f-46b5-8a76-2bc7eac3bc19,Shelley Bengard,chiropractor,google_type,high,Health & Medical,Chiropractic
aa6e37ec-f173-44e3-8a67-ea8a09d77faf,Nautical Watersports,service,google_categories,low,Shopping & Retail,Clothing & Apparel
5ecdd2a1-42cd-4e02-8349-f42e536b2c0f,River Sports Boat Rentals,service,provider_subcat,high,On the Water,Boat & Watercraft Rentals
a9e0b332-a99d-4038-8138-ee14aef5fe0d,Abundant Grace Church,church,google_type,high,Community & Civic,Places of Worship
66592059-bab1-40de-9c0a-26a629744411,Foothills Bank,bank,google_type,high,Professional & Financial,Banks & Credit Unions
0f8ee5d6-e216-45ba-b1e6-33b374ba39aa,ALLO Fiber,service,llm_judgment,low,Community & Civic,Utilities
1fa3adf1-4660-45be-9798-72bc0eaa5b0c,Marine One Motorsports,service,google_categories,low,Shopping & Retail,Sporting Goods
8ed6ffed-c9a2-45fd-9e07-ad3c5edd200c,Farm Bureau Financial Services: Alison Warner-Williams,insurance_agency,google_type,high,Professional & Financial,Insurance
81664084-9a97-482c-b4c0-c8fd37fbfdf3,"Matthew Lopez Law, PLLC",lawyer,google_type,high,Professional & Financial,Attorneys
af55892f-83ed-4cdf-bfe4-5b7e6a8dab6a,Beach House,clothing_store,google_type,high,Shopping & Retail,Clothing & Apparel
7c35cf3b-f678-42e7-a330-b26729d41643,Batter Up Bakery,bakery,google_type,high,Eat & Drink,Bakeries & Desserts
3e357689-c60b-47b7-ae6d-0eec5f8001b0,"Mohave Mental Health Clinic, Inc (Youth)",medical_clinic,google_type,high,Health & Medical,Primary Care
cf0ed231-a922-4ab7-a762-ecc2ca6e5302,Chapman Brett DDS,dentist,google_type,high,Health & Medical,Dentists & Orthodontists
a894f853-9bcb-4fe4-b1bb-bcc0d9070280,Cancer Care of Western Arizona,medical_clinic,google_type,high,Health & Medical,Primary Care
75646e42-80a8-4fa9-8319-3087d2af4db7,"Brenda Fischer, Realtor in Lake Havasu City",service,name_keyword,high,Professional & Financial,Real Estate
62203923-c4ea-4415-976a-76ab0fc79fc0,Rob's London Bridge Marine and Automotive,service,name_keyword,med,"Auto, RV & Marine",Auto Repair
d742b028-064a-4e10-9185-0ea48a0e5442,Lighthouse Lounge,bar_and_grill,google_type,high,Eat & Drink,Restaurants
8accf0a7-3b19-47c5-b3a1-4479669885a5,TheAutoMann-Mobile Mechanic,car_repair,google_type,high,"Auto, RV & Marine",Auto Repair
497eadda-a4e2-4bb9-a2d0-39dda571add6,"Busy B Automotive, Towing, and Key Service.",service,name_keyword,med,"Auto, RV & Marine",Auto Repair
d76567f6-fa2d-4434-9be5-3db812a48ca3,"Every Little Detail Mobile Detailing- RV, Boat & Car",,name_keyword,med,"Auto, RV & Marine",Auto/Marine Detailing
ea95666d-eaff-41da-9637-99b52d14d614,Better day rv,car_repair,google_type,high,"Auto, RV & Marine",Auto Repair
8aa72385-0018-46d9-a6b6-e56e641f0299,Joe's Auto RV & Trucks,car_repair,google_type,high,"Auto, RV & Marine",Auto Repair
b295d544-5f34-4ece-a407-37780edbd02d,Arizona Repair & Towing,car_repair,google_type,high,"Auto, RV & Marine",Auto Repair
dac2b817-85d3-4578-b26c-81332150ec07,Megan & Erik's Water and Ice,,provider_subcat,high,Eat & Drink,Restaurants
4a41531f-3ae1-4fdb-80ae-14f7e05d9462,Desert Protections,,web_research,low,"Auto, RV & Marine",Auto Detailing
1ba9da09-8c77-4e6b-aad7-8d903cad2c92,Havasu Towing,service,llm_keyword,low,"Auto, RV & Marine",Towing & Roadside
7ee9bd89-bac7-47e9-8a82-31b7fc9170b2,Bradley Ford of Lake Havasu City Service,car_repair,google_type,high,"Auto, RV & Marine",Auto Repair
828b7f44-0b7f-4fbb-8d66-637b22e55656,"Denise Sartori, DO",doctor,google_type,high,Health & Medical,Primary Care
79d9db9f-8729-4fe5-871b-b195abd857c5,Bliss Beauty Lounge,spa,google_type,high,Beauty & Personal Care,Day Spas & Massage
7ad9aa51-cddf-4c80-950b-5160bcf152ea,Essential Storage Acoma,storage,google_type,high,Home & Property Services,Self-Storage
e563e80d-a930-4609-82b1-07cafb58157f,Sam Denovan - The DENOVAN Real Estate Group,real_estate_agency,google_type,high,Professional & Financial,Real Estate
c4a1ce55-eb42-4876-a135-5e4d17457529,La Toxica Taco Shop,taco_restaurant,google_type,high,Eat & Drink,Quick Bites & Takeout
9ff3ecd3-df7e-47b6-a15f-40f1e0f556ea,FamilySearch center,non_profit_organization,google_type,high,Community & Civic,Nonprofits & Charities
545a3704-314c-42a0-9623-0153f91fdc57,LARO,home_goods_store,google_type,high,Shopping & Retail,Furniture & Mattress
55cbf9f3-c003-4411-8c01-671e19f6c5c5,"HighTechLending, Inc.",finance,google_type,high,Professional & Financial,Financial Advisors
c09bd37e-e88f-4f6e-bdc7-be023f873f99,Roadrunner Automotive,car_repair,google_type,high,"Auto, RV & Marine",Auto Repair
a71f7030-9294-4a3d-b092-541c453f95ef,Parker Oil,gas_station,google_type,high,"Auto, RV & Marine",Gas Stations
87e12a10-3d7d-4642-a917-70e1d561ef31,B-Kooler Screens,car_repair,google_type,high,"Auto, RV & Marine",Auto Repair
b3495285-c49b-4f79-9f63-5fe0841ee7ae,"Lake Havasu, AZ Elks Lodge #2399",association_or_organization,google_type,high,Community & Civic,Nonprofits & Charities
88acc23b-7418-4b83-877b-d0ee92bb8f81,Import Car Center,car_repair,google_type,high,"Auto, RV & Marine",Auto Repair
63daf139-5e00-430a-9228-9880ff464741,BlackSheep RV LLC,car_repair,google_type,high,"Auto, RV & Marine",Auto Repair
4170f85b-2933-4b48-a52d-5911c6fe052c,Lake Havasu Tennis Association,association_or_organization,google_type,high,Community & Civic,Nonprofits & Charities
1b6aac79-5612-488f-852b-c62b55bc8878,LA Financial Credit Union,finance,google_type,high,Professional & Financial,Financial Advisors
259ee78f-9791-4c73-b72d-df588241ab2c,Beyond Dance,sports_school,google_type,high,Family & Education,Kids' Classes & Camps
9bee09e1-141c-4868-9f23-9d39225fc407,Little People's Day Care Inc,child_care_agency,google_type,high,Family & Education,Preschools & Childcare
b88322be-8047-43a2-b719-a48888175720,Eight Lotus Wellness and Yoga,yoga_studio,google_type,high,Fitness & Wellness,Yoga & Pilates
72742ae4-7486-4b31-b3e7-9e642169b404,Smoketree Elementary School,primary_school,google_type,high,Family & Education,K-12 Schools
d53eef09-5919-46b9-91e0-435462e8cfae,The Dance Center,sports_school,google_type,high,Family & Education,Kids' Classes & Camps
7d9c6acd-6528-4047-bcd5-a6b459588eec,Amalaya Yoga,yoga_studio,google_type,high,Fitness & Wellness,Yoga & Pilates
aa86db7a-2b39-4462-9dc9-a8c4a73a5770,Shred Factory Training Facility,gym,google_type,high,Fitness & Wellness,Gyms & Fitness Centers
c3b14fa1-dc42-4f6a-8ad1-ef2cd477cb92,Farmers Insurance - Glenda Flores,service,name_keyword,high,Professional & Financial,Insurance
40fde463-82f8-49aa-9566-707379c083d4,Bless This Nest Studio,store,llm_judgment,low,Shopping & Retail,Gifts & Boutiques
15ea2d9b-035b-4b04-b58b-80e29963ec2c,Chris Padgett Fitness,fitness_center,google_type,high,Fitness & Wellness,Gyms & Fitness Centers
075d4af7-32e2-4bd0-be7b-e46651d7495b,Anderson Toyota Service Center,car_repair,google_type,high,"Auto, RV & Marine",Auto Repair
87bcf46a-b4a7-46f4-99e6-55eda7d0d141,Mount Olive Lutheran Church,church,google_type,high,Community & Civic,Places of Worship
2bfba30c-c21c-4b60-8eb7-a08e8cd6293c,The Athletic Advantage,health,google_type,high,Health & Medical,Primary Care
76326f03-012f-4d00-a2e0-958222d5902a,Anderson Chrysler Parts,auto_parts_store,google_type,high,"Auto, RV & Marine",Auto Parts
f12444ef-56be-49cf-b34c-142dfd137d54,"Edward Jones - Financial Advisor: Traci L Vaught, AAMS®",consultant,name_keyword,med,Professional & Financial,Financial Advisors
606e112d-84fc-4249-9ba7-49aff3201d29,Heartbridge Breathwork,yoga_studio,google_type,high,Fitness & Wellness,Yoga & Pilates
9b8a18e3-4e53-4192-b846-895ec95d8797,Planet Fitness,gym,google_type,high,Fitness & Wellness,Gyms & Fitness Centers
12ac5491-7613-4b8a-8ac8-9f6e4da54e7d,Discount Auto Sales,car_dealer,google_type,high,"Auto, RV & Marine",Car Dealerships
6e2853ff-6c63-4a5b-bd3c-4e6d79e30273,Self Serve Pumps,gas_station,google_type,high,"Auto, RV & Marine",Gas Stations
e93184af-c7d1-44d7-9ab8-c0131e9573cb,Nexsen Motorsports,store,llm_judgment,low,"Auto, RV & Marine",Powersports & ATV
31d860d2-f5ac-45d9-9305-5b20350560f0,Family Office Society Gym,gym,google_type,high,Fitness & Wellness,Gyms & Fitness Centers
898cff78-6e72-4050-8a81-286270f552a2,THE TAP ROOM JIU JITSU,sports_club,google_type,high,Outdoors & Recreation,Parks & Playgrounds
df3702a7-4afd-4a3d-825d-96169c0b2e3f,Fivestar Learning Center,school,google_type,high,Family & Education,K-12 Schools
38ba6e40-91ae-47bc-92dc-937caa51a93f,Ocean Nail & Waxing Salon,nail_salon,google_type,high,Beauty & Personal Care,Nail Salons
0abd2c4a-d4e7-4b6c-a5fa-edbf803e4ce7,Campbell Electric,electrician,google_type,high,Home & Property Services,Electrical
ad2e389f-a466-453e-ae15-0f178698f0ab,"Pruitt's Plumbing, LLC",plumber,google_type,high,Home & Property Services,Plumbing
00353230-8237-4b29-9ccd-2f4f5d51bc98,Guiding Light Christian Educational Center,preschool,google_type,high,Family & Education,Preschools & Childcare
ecf29533-e4be-41da-b858-fad5436b0942,Paradise Wild Wave Boat Rentals,service,provider_subcat,high,On the Water,Boat & Watercraft Rentals
b21c7fd4-9abb-4e46-88e6-54dfd67eaa1c,Bridge City Combat,sports_school,google_type,high,Family & Education,Kids' Classes & Camps
60305cb7-8b21-4391-b9ab-8e564f6be49c,PhillipsFit,health,google_type,high,Health & Medical,Primary Care
c11d2fb2-649d-42eb-bc44-7e299d00ed4a,Neaumix Fit,fitness_center,google_type,high,Fitness & Wellness,Gyms & Fitness Centers
3bd785e8-413a-4fc8-8710-496363f94452,Farmers Insurance - Brian Dunigan,service,name_keyword,high,Professional & Financial,Insurance
f42f8767-1b5d-454a-9bc5-750a083d2ecf,Trevor the Trainer,health,google_type,high,Health & Medical,Primary Care
e68883c1-b98b-4b21-9bab-5345c00bf525,Hospice of Havasu,health,google_type,high,Health & Medical,Primary Care
0b58d7d8-2ab2-47c7-a4f1-14a741a107c8,Oro Grande Classical Academy,primary_school,google_type,high,Family & Education,K-12 Schools
0fce4d9c-f071-42aa-be88-95c0e637ada5,The Ark Center,point_of_interest,llm_judgment,low,Community & Civic,Community Centers
df76d005-d495-447b-b1d6-b61ef8e0e84a,JR Motors Service,car_dealer,google_type,high,"Auto, RV & Marine",Car Dealerships
a8bb1177-3b2c-4286-a740-776eb5d07f54,Hilltop Learning Center,,provider_subcat,high,Family & Education,Kids' Classes & Camps
43bbe175-f1a7-4b28-abba-f3e1b58eb610,Telesis Preparatory Academy,,provider_subcat,high,Family & Education,Kids' Classes & Camps
7c9c8e88-cdbd-4a66-b47b-9faf1f1ef7d1,New Day School,preschool,google_type,high,Family & Education,Preschools & Childcare
c3204621-07cf-44d5-896e-edfa824aa856,Advantage Boats,supplier,llm_judgment,low,"Auto, RV & Marine",Boat Sales
3780bb12-96c9-483d-88dc-dd378d19b8d9,Starline Elementary School,primary_school,google_type,high,Family & Education,K-12 Schools
ef7cadd0-753d-4680-b8e0-c1b156cbb30e,Stuart Adams,health,google_type,high,Health & Medical,Primary Care
c9809f0a-0a2f-4970-8e53-7c452c7091d4,Mohave College Lake Havasu City Campus,university,google_type,high,Family & Education,Colleges & Higher Ed
5e3bc242-4349-49f4-8f49-76293f5b0efd,J C Marine,service,provider_subcat,high,On the Water,Boat & Watercraft Rentals
6a9ab469-2cf5-4c41-ba1d-1f7b97b7670f,Fiscus Commercial Insurance Services,insurance_agency,google_type,high,Professional & Financial,Insurance
914905f5-2ac9-4afa-8850-3c0afc73cf5d,Hav A Craving,tea_house,google_type,high,Eat & Drink,Cafés & Coffee
ca9c1204-e306-4ddc-994f-7dcec2a2acc7,Us Vision Inc,store,name_keyword,high,Health & Medical,Eye Care
689c507f-ab91-44c2-83c3-415ed0009967,Hangar 24 Lake Havasu,bar_and_grill,google_type,high,Eat & Drink,Restaurants
5d4a772a-398d-489f-b1bc-a05cf7354f98,Body Shop Fitness,fitness_center,google_type,high,Fitness & Wellness,Gyms & Fitness Centers
749f1ada-de2f-4207-b1f8-89919ad3d97f,Sake Sushi & Grill,sushi_restaurant,google_type,high,Eat & Drink,Restaurants
5cda3872-4c65-4d51-95d0-c6d17d2b413f,Churned Creamery - Lake Havasu City,ice_cream_shop,google_type,high,Eat & Drink,Bakeries & Desserts
ca61ec17-180f-461b-95c4-58ca6f181987,The Gedalje Group,service,google_categories,low,Professional & Financial,Real Estate
d3a9bc32-576c-4a83-ae41-69809c5aaace,Lake Havasu Area Homes,real_estate_agency,google_type,high,Professional & Financial,Real Estate
7f1585bb-63e4-4a2c-b663-dd92bf61f586,Titan Gym & Fitness Center,gym,google_type,high,Fitness & Wellness,Gyms & Fitness Centers
315172bd-293e-4d1e-9906-a74d832d2218,Turtle Grille at The Nautical Beachfront Resort,,provider_subcat,high,Eat & Drink,Restaurants
7f031053-71fd-4b39-8e3f-eb0c46ab06fc,Builders FirstSource,building_materials_store,google_type,high,Shopping & Retail,Hardware & Home Improvement
9302dfce-77a4-41cc-b12c-ca381bcec26b,Glitch Barcadium,bar,google_type,high,Eat & Drink,Bars & Breweries
ef667694-f3e1-4909-b261-4c11e16083bb,Carnivore Caravan,catering_service,google_type,high,Eat & Drink,Food Trucks & Catering
f7a8d1b2-89dd-4b8c-81cd-ed7f8e6f2178,Fat Sub,sandwich_shop,google_type,high,Eat & Drink,Quick Bites & Takeout
60836750-4f0b-4053-b68c-c58ff9aacc97,Speed UTV Havasu,sporting_goods_store,google_type,high,Shopping & Retail,Sporting Goods
70b8928f-c71b-4e9c-94b1-0b5792bc562e,Tropical Smoothie Cafe,restaurant,google_type,high,Eat & Drink,Restaurants
66c484cc-72be-4fbb-b242-02b1d5bf07e9,Donut Post,donut_shop,google_type,high,Eat & Drink,Bakeries & Desserts
0a39f3af-57fa-4624-b09c-4cf8b82bbbe6,De-Tails Mobile Pet Grooming,pet_care,llm_judgment,high,Pets,Grooming
f8efa3b3-e96b-4854-a3d6-8ee8ce7d4c7f,Donut Post South,donut_shop,google_type,high,Eat & Drink,Bakeries & Desserts
2e543589-b1a7-4529-8bcd-6524d901b873,Enchanted Vinez,gift_shop,google_type,high,Shopping & Retail,Gifts & Boutiques
32d9a366-0a61-4200-83d3-b8458c57ed70,Havasu RV & Marine,car_dealer,google_type,high,"Auto, RV & Marine",Car Dealerships
f5a3eed6-0d48-4f01-9bc8-256b58afd3b8,Smith's Fuel Center,gas_station,google_type,high,"Auto, RV & Marine",Gas Stations
5acdcfde-f66a-4c8c-a0bb-a5eef9ed5d57,Dose of Sugar,bakery,google_type,high,Eat & Drink,Bakeries & Desserts
04a2e781-e593-431d-9756-8d1d511edb3c,Thai Food Restaurant,thai_restaurant,google_type,high,Eat & Drink,Restaurants
c0f6631e-57d2-4410-b184-f25aa4a81a97,Baskin-Robbins,ice_cream_shop,google_type,high,Eat & Drink,Bakeries & Desserts
4beb548e-fe5d-41ba-899a-39066eb8ef69,Tierney Kostiuk,finance,google_type,high,Professional & Financial,Financial Advisors
7e1a9c47-3f74-4c38-89a2-94207537c5d0,Piccadilly Circus Pizza,pizza_restaurant,google_type,high,Eat & Drink,Restaurants
edf48191-d49f-49b9-8565-b7143657d94e,Rideout Law Group,lawyer,google_type,high,Professional & Financial,Attorneys
17b327b1-2b03-41c7-8f22-b45a7dfca732,Flame Broiler,korean_restaurant,google_type,high,Eat & Drink,Restaurants
6ae51d34-252f-4465-8a47-c65a63712ed9,Dairy Queen Grill & Chill,fast_food_restaurant,google_type,high,Eat & Drink,Quick Bites & Takeout
3a763a92-10ad-4086-9996-2f15971f8deb,"Calming Waters Counseling, PLLC",health,google_type,high,Health & Medical,Primary Care
0b57c4d1-251d-41dd-bbc2-e517088de359,Bow Wow's Pet Clips,pet_care,llm_judgment,high,Pets,Grooming
b8117a68-d76b-4140-ba95-a420947964ee,Livingstone E. Franklin MD,doctor,google_type,high,Health & Medical,Primary Care
930bb7e1-f1ce-4f99-80fb-8b38cce04487,Lin's Little China,chinese_restaurant,google_type,high,Eat & Drink,Restaurants
aee527d7-f2e8-460d-aee7-94d9522185ea,Mountain View Tax & Accounting,consultant,name_keyword,high,Professional & Financial,Accountants & Tax
8a9334c1-849d-4e57-ac3d-4123515cdfc7,Majestic's Legal Services,consultant,name_keyword,high,Professional & Financial,Attorneys
77d742fe-a637-43c9-b442-3caec5dba9d8,Shugrue's Cornerside Bakery,bakery,google_type,high,Eat & Drink,Bakeries & Desserts
d630f22c-3a6b-43b6-b518-39ba48baa83a,Bridgewater Links Golf Course at the London Bridge Resort,,provider_subcat,high,Outdoors & Recreation,Parks & Playgrounds
fa621c58-b644-4443-926f-6a89dc09c8f8,"Juicy's, The Place With The Great Food",american_restaurant,google_type,high,Eat & Drink,Restaurants
362cd851-30ee-442b-ac16-025b265f48fa,Habit Burger & Grill,hamburger_restaurant,google_type,high,Eat & Drink,Quick Bites & Takeout
062292d9-9607-4ba6-b3dc-e5ec053d7eb0,Guild Mortgage - Dan Snyder,finance,google_type,high,Professional & Financial,Financial Advisors
2ac8f5f7-48b1-4309-be31-1e2e558b61cc,Chevron,gas_station,google_type,high,"Auto, RV & Marine",Gas Stations
a05d6d73-3f2c-46a7-80c8-6924c96a7b1c,Christine Fielder,medical_clinic,google_type,high,Health & Medical,Primary Care
b4cb4e0a-f6e6-4520-8bd4-d7c9cb0fb77d,Complete Legal Services (Estate Planning),consultant,name_keyword,high,Professional & Financial,Attorneys
0ddd2285-5893-4299-a060-f747f01c3152,Enterprise Rent-A-Car,car_rental,google_type,high,"Auto, RV & Marine",Car Rental
9949d4a0-2116-4149-bdc8-ed24f1a824c4,Hava Bite Sushi,sushi_restaurant,google_type,high,Eat & Drink,Restaurants
4404a470-2fbf-4ff8-993c-66ab7583b055,Hollowell Insurance Agency: Allstate Insurance,insurance_agency,google_type,high,Professional & Financial,Insurance
b76c5148-4914-414c-b9a9-6b958f628e2d,The 928 Group,service,unresolved,low,(needs review),(needs review)
d139bca9-9357-43de-970f-7ad815a754cc,Buffalo Wild Wings,chicken_wings_restaurant,google_type,high,Eat & Drink,Quick Bites & Takeout
1d917f5e-15e7-488e-9d3b-672e41322165,Amigos Birria Tacos,mexican_restaurant,google_type,high,Eat & Drink,Restaurants
4c009e26-711a-4ecf-b6cd-ebe4011594a3,The Chair,restaurant,google_type,high,Eat & Drink,Restaurants
1a7590ba-a2dc-4a80-9228-a66a524468d7,Serenity Bay Support Group,medical_clinic,google_type,high,Health & Medical,Primary Care
e2fb33a3-b2a0-435c-8acd-ab443de28726,"Candace Currey, Coldwell Banker Realty",consultant,name_keyword,high,Professional & Financial,Real Estate
de6f1fb9-2263-410e-aed3-99f438a09885,Jersey Mike's Subs,sandwich_shop,google_type,high,Eat & Drink,Quick Bites & Takeout
5caaec32-57ff-4d94-bebc-3c2480afac4b,Lobster 3 Ways Food Truck,catering_service,google_type,high,Eat & Drink,Food Trucks & Catering
2046778a-852d-4c4d-a9e0-04c078acc8ee,HBC MOTORS,service,google_categories,low,Professional & Financial,Financial Advisors
e62d4d4d-5062-4056-8bc4-109bde0c74bf,Silk Law Office,lawyer,google_type,high,Professional & Financial,Attorneys
3340f8ec-8b7e-4a15-ae70-8109a8337729,Havasu Community Credit Union,finance,google_type,high,Professional & Financial,Financial Advisors
07f77db6-9e3a-494c-9e6a-af07f22e140d,Deborah J Miller - State Farm Insurance Agent,insurance_agency,google_type,high,Professional & Financial,Insurance
ac1b7d76-2959-42fd-b61d-e6d595608b7f,Burrito Shak,burrito_restaurant,google_type,high,Eat & Drink,Quick Bites & Takeout
89a1f5d0-c3ce-4235-bc63-e2c64c8c5ee3,Safeway Bakery,bakery,google_type,high,Eat & Drink,Bakeries & Desserts
e4e20807-a1d4-4e0f-b13b-2437cf3eaf17,A Cut Above Grooming,pet_care,llm_judgment,high,Pets,Grooming
687c4183-fd78-45ba-bd8b-1cb7d0d79498,Starbucks Coffee Company,coffee_shop,google_type,high,Eat & Drink,Cafés & Coffee
e5605d08-fda5-460a-814e-7a0186cd93fc,Jack in the Box,fast_food_restaurant,google_type,high,Eat & Drink,Quick Bites & Takeout
8d13c390-69ea-48be-b218-7030aa538f0a,BlueSky Roofing,roofing_contractor,google_type,high,Home & Property Services,Roofing
4343364e-3b66-4fbf-8c42-5aceaf2a6383,Bigfoot fry co.,barbecue_restaurant,google_type,high,Eat & Drink,Restaurants
13289ad3-c288-432a-8126-54f06c426a8f,Siddhartha’s Garden,restaurant,google_type,high,Eat & Drink,Restaurants
123d5d5e-807a-4769-9273-a7f3bc8503b7,Mario's Italian Restaurant,italian_restaurant,google_type,high,Eat & Drink,Restaurants
b01dfa3d-b849-4104-8b2a-577948c6d243,Arizona Rebel Republic Havasu,restaurant,google_type,high,Eat & Drink,Restaurants
fb70523e-2cf9-4ccd-88f5-a03457202d58,Spezzano Cactus Park,park,google_type,high,Outdoors & Recreation,Parks & Playgrounds
67f2be83-8159-4404-949c-e4d299ab2ef4,Megan and Erik's Water and Ice and Ice Cream Smith's,ice_cream_shop,google_type,high,Eat & Drink,Bakeries & Desserts
a260abb6-ef7b-478a-8109-58791f281a5e,G.R.I.T Home Professionals,service,google_categories,low,Professional & Financial,Real Estate
a9cf13d3-797e-47c6-813e-88ac1807caf8,Mr. Lucky's Billiards & Pub,,provider_subcat,high,Eat & Drink,Restaurants
6cee1c61-0821-4451-8430-4ff10f8df44f,Taco Bell,fast_food_restaurant,google_type,high,Eat & Drink,Quick Bites & Takeout
5d12e0e4-ebf1-4807-a68b-cc6c07fa96ad,Babaloo Lounge,cuban_restaurant,google_type,high,Eat & Drink,Restaurants
b051d792-ed09-4f18-8484-255f5d8f8dcd,Island Mall & Brewery,bar,google_type,high,Eat & Drink,Bars & Breweries
5fa2becd-ae6a-4a95-9b4f-8c494980e13a,Starbucks,coffee_shop,google_type,high,Eat & Drink,Cafés & Coffee
6bb40526-fd72-4823-898b-89344076086d,Northside Grill,restaurant,google_type,high,Eat & Drink,Restaurants
64d36a6d-6d42-4474-829b-4260b9f88087,Balistreri's Auto & Marine,car_repair,google_type,high,"Auto, RV & Marine",Auto Repair
ccc1633d-e286-4832-ac3b-2e9ce9dc547e,Wienerschnitzel,fast_food_restaurant,google_type,high,Eat & Drink,Quick Bites & Takeout
8a2f6c13-c646-4ef2-9342-80fbd8c506f4,Sho-Gun Japanese Cuisine,japanese_restaurant,google_type,high,Eat & Drink,Restaurants
19f0707b-e8f5-4c91-94c9-165321747d4f,Bad Miguel's Mexican Restaurant,mexican_restaurant,google_type,high,Eat & Drink,Restaurants
c5d0022d-2d9e-4f90-ac16-26a0d5370697,Legendz Sports Bar & Grill,bar_and_grill,google_type,high,Eat & Drink,Restaurants
52fdfd8a-5270-43df-8fc6-6979e270391c,Los Chikis,mexican_restaurant,google_type,high,Eat & Drink,Restaurants
154a7afe-471a-4ce2-86af-d1f45f08ca88,Havasu,bakery,google_type,high,Eat & Drink,Bakeries & Desserts
db7558d0-f2e1-48d2-86e5-91983c0611df,David & Amber Greene,service,web_research,low,Professional & Financial,Real Estate
17aef7a5-6411-41a4-99eb-0220f3e777b5,College Street Brewhouse & Pub,pub,google_type,high,Eat & Drink,Bars & Breweries
9949a58b-fc66-4f8d-bf66-bcb83aac5b91,Angelina's Italian Kitchen,italian_restaurant,google_type,high,Eat & Drink,Restaurants
02cb8254-6cea-4594-87fe-7887b8d5111a,Harleyz And Hot Rodz,pub,google_type,high,Eat & Drink,Bars & Breweries
5af265bb-2da7-4a4f-a060-c095e67ca2fa,Golf N’ Brews,bar,google_type,high,Eat & Drink,Bars & Breweries
d9da99d7-93a0-4262-b499-6d0b2f97b0a3,Farmers Insurance: Denise Kuerner,insurance_agency,google_type,high,Professional & Financial,Insurance
83a83529-f0d7-443a-b2ee-49c466293d76,OXIDO,,provider_subcat,high,Eat & Drink,Restaurants
b79838b3-ebc8-4fc4-ad41-2aca6b81ec5c,BlondZee's Steak House,steak_house,google_type,high,Eat & Drink,Restaurants
17670205-d4b5-4260-84cf-59a7605fbbc4,HomeSmart River Realty,real_estate_agency,google_type,high,Professional & Financial,Real Estate
a549d4b5-5da4-4272-99cb-ce3f9af6bed9,Del Taco,fast_food_restaurant,google_type,high,Eat & Drink,Quick Bites & Takeout
aff3e31f-842e-4e91-9e62-7da470cf2c6e,The Pour House,restaurant,google_type,high,Eat & Drink,Restaurants
4c1d0c16-b1e7-4568-917c-743abed986dc,Papa Leone's Pizza,pizza_restaurant,google_type,high,Eat & Drink,Restaurants
c3149226-591e-4ca9-8267-1c032acf591a,Kelm Concrete Inc,general_contractor,google_type,high,Home & Property Services,General Contractors
d943656a-51dd-4d9e-8819-8c31bfd71d2b,PZA PIZZERIA,pizza_restaurant,google_type,high,Eat & Drink,Restaurants
49fd61ec-0db3-4c60-83e6-c232ac870b74,Azul Agave,mexican_restaurant,google_type,high,Eat & Drink,Restaurants
6f62e2de-e31e-4ed9-90f1-baa468a8db30,Grill Max Havasu,barbecue_area,google_type,high,Outdoors & Recreation,Parks & Playgrounds
334d2f0d-1243-4ff1-9aed-2c6307a66c03,Harvest Moon Bakery,bakery,google_type,high,Eat & Drink,Bakeries & Desserts
3203755a-7110-4417-83f5-271ed4c49afe,Heather's Water & Ice,ice_cream_shop,google_type,high,Eat & Drink,Bakeries & Desserts
3c710353-3b36-4b3e-87d3-fd0214915548,Ed's Deli,deli,google_type,high,Eat & Drink,Restaurants
e1113df3-3cee-4c26-9ee8-bc3d7a02c766,Place To Be,bistro,google_type,high,Eat & Drink,Restaurants
63090220-7bd9-40ea-907f-d944f547e8a2,London Bridge Beach boat rental,tourist_attraction,google_type,high,Things to Do & Attractions,Landmarks & Sights
3602fda3-6687-4e2f-af50-0d1c5a25149e,Smallcakes: Cupcakery & Creamery,bakery,google_type,high,Eat & Drink,Bakeries & Desserts
d92cc772-6f18-4e67-b563-736926214f30,Oasis at The Views Restaurant,restaurant,google_type,high,Eat & Drink,Restaurants
c3a4652d-674e-4fd8-bd4f-65db3b4e27bc,Martin Swanty's Paradise Auto,car_dealer,google_type,high,"Auto, RV & Marine",Car Dealerships
62254956-b7d2-4359-89c3-5162a1e124ef,McKee's Pub & Grill,bar_and_grill,google_type,high,Eat & Drink,Restaurants
7edfeb99-c5fc-440b-8263-b94a83108e42,Christine's Fine Art LLC,art_gallery,google_type,high,Things to Do & Attractions,Museums & Galleries
a9d09b28-82fe-4650-8f3f-ccae9b2f6ef2,Mutual Of Omaha Reverse Mortgage,finance,google_type,high,Professional & Financial,Financial Advisors
2626cbc8-49e3-42ef-b5c4-d1d4aa7c826f,La Baja Havasu,mexican_restaurant,google_type,high,Eat & Drink,Restaurants
6048ba9c-513d-4288-8090-897161dadb3b,Smith's,grocery_store,google_type,high,Shopping & Retail,Grocery & Markets
27caba33-1d23-4891-9b40-4390487e4d23,Red Baron Wings and Pizza,pizza_restaurant,google_type,high,Eat & Drink,Restaurants
96c5b9eb-1d81-4f92-b10d-b8c43bd6cf5c,Home Improvement Concepts,general_contractor,google_type,high,Home & Property Services,General Contractors
c5f40ce9-3c22-493c-a75d-389e6f33f877,Panda Express,chinese_restaurant,google_type,high,Eat & Drink,Restaurants
0823c530-2fa3-405c-bcbd-7f2b44abab9f,Flashback Toys & Collectibles,toy_store,google_type,high,Shopping & Retail,Gifts & Boutiques
bb4025bc-6e0d-4f0a-8d6b-7e1b9e2405d8,Riliberto's Fresh Mexican Food,restaurant,google_type,high,Eat & Drink,Restaurants
92528149-2ed6-41cf-83bb-be1aa2727854,The Burger Den,meal_delivery,google_type,high,Eat & Drink,Quick Bites & Takeout
df10a91e-53e1-400f-b06c-db488071acf9,Kokomo Beach Club,bar,google_type,high,Eat & Drink,Bars & Breweries
c1e83631-fe62-4b68-8656-a25e8ed734a7,Turtle Beach Bar,bar,google_type,high,Eat & Drink,Bars & Breweries
abcc82d1-3d6f-49a8-8bd8-43516fe65bac,El Paraiso Mexican,mexican_restaurant,google_type,high,Eat & Drink,Restaurants
5d5b0163-965b-4ce9-848e-fc514d9fca16,Locos Bar and Cocina - Northside,mexican_restaurant,google_type,high,Eat & Drink,Restaurants
935c42df-eb85-4535-990a-b13a91aa801f,Good Faith Enterprises,catering_service,google_type,high,Eat & Drink,Food Trucks & Catering
4e177c20-9508-40d4-848c-51ad4f727eff,Rusty's Restaurant,diner,google_type,high,Eat & Drink,Restaurants
a4d6a947-e80a-45e9-81c8-3f3f2db5eaf1,BJ's | Cabana Bar & Karaoke,bar,google_type,high,Eat & Drink,Bars & Breweries
767aab08-6ded-498e-aa89-beed08fe6f62,The Sanctuary United Pentecostal Church,church,google_type,high,Community & Civic,Places of Worship
11b4b952-0f2a-4e39-9fc6-1d8f257de533,Pioneer Title Agency,insurance_agency,google_type,high,Professional & Financial,Insurance
fd5090bd-5bb5-4003-8915-d3bfde07a74e,Rotary Kitchen + Bar,restaurant,google_type,high,Eat & Drink,Restaurants
3bee83cc-b885-4d43-9902-e22ffdef12a8,Brb Market,gas_station,google_type,high,"Auto, RV & Marine",Gas Stations
1e5e8596-f7bd-42ed-bce3-83305240fb2f,Rolling Smoke BBQ Hava Bite Taproom,restaurant,google_type,high,Eat & Drink,Restaurants
da646571-3d02-442c-90c5-7f92d933ba2e,Piccadilly’s and More!,restaurant,google_type,high,Eat & Drink,Restaurants
f9765252-4ee4-4bf2-9fd3-ae2796ffd16e,Lake Havasu City Sportsman's Club,sports_complex,google_type,high,Outdoors & Recreation,Parks & Playgrounds
d39f0c10-42ca-418f-b027-387cbe19eb12,Born's Best Sandwiches,sandwich_shop,google_type,high,Eat & Drink,Quick Bites & Takeout
495ea9ed-6d02-4247-acde-e44debdec719,Simply Savage Designs,art_gallery,google_type,high,Things to Do & Attractions,Museums & Galleries
54f2e06f-77f6-4c98-a178-cc837fdde773,Clothes Closet Lake Havasu,community_center,google_type,high,Community & Civic,Community Centers
1de1f61b-516a-4073-a1d7-ef2f4f1d8342,Jaque Meng,art_gallery,google_type,high,Things to Do & Attractions,Museums & Galleries
5c71b631-6d4d-4b48-bc1b-893e5da958b2,Starbucks Coffee Company,coffee_shop,google_type,high,Eat & Drink,Cafés & Coffee
dddd8b36-a385-4cda-825c-accd63146585,Premier Title Agency,insurance_agency,google_type,high,Professional & Financial,Insurance
0bdf9ee8-7b65-4b78-8a5d-adb0b39c181c,High End Productions Llc,,provider_subcat,high,Things to Do & Attractions,Landmarks & Sights
3d07d9e9-ad5c-485e-8c99-30197895118b,English Village Fountain,tourist_attraction,google_type,high,Things to Do & Attractions,Landmarks & Sights
c60cc7c6-b73c-4384-a053-2ed6bf69147b,Lake Havasu Motocross Park,race_course,google_type,high,Outdoors & Recreation,Off-Road & OHV
c871e1c2-886b-43e8-8e16-6877733ebdf1,Havasu Regional Medical Center Home Health,health,google_type,high,Health & Medical,Primary Care
d449dc1c-01ed-4b67-bec7-f69c5e03120e,Ward Kelli Do,doctor,google_type,high,Health & Medical,Primary Care
ac7b2130-db17-4b71-8a03-e5ef7a1d97d1,The Views at Lake Havasu,service,google_categories,low,Health & Medical,Primary Care
d1831d35-1731-4f61-93d5-9b3bd0006b6d,Dr. Jack Diep,doctor,google_type,high,Health & Medical,Primary Care
620911bf-e800-4376-8719-49f103502ca8,"Linda L. Paquette, MS",health,google_type,high,Health & Medical,Primary Care
73ab16ba-daf3-4cc3-bb39-aa2db9e20f8c,Hair and Nails by Danica,beauty_salon,google_type,high,Beauty & Personal Care,Hair Salons & Barbers
0872d264-3d20-4ced-9108-370f67ffc572,Schopen Jane Rita,health,google_type,high,Health & Medical,Primary Care
5ec307e6-d3eb-455d-a1c0-35f99a3968f2,Harbor Freight,hardware_store,google_type,high,Shopping & Retail,Hardware & Home Improvement
97da9a97-d366-44d0-9e35-28f60ffb2829,ADT Security Services,supplier,google_categories,low,Shopping & Retail,Appliances & Electronics
183b8ffc-4bcb-4c48-92b5-1c2ec25961ae,Freedom Tax Services,consultant,name_keyword,high,Professional & Financial,Accountants & Tax
903d0ddc-5c2b-4fad-95c9-b45bff73cf1e,Janice's Beauty Salon,beauty_salon,google_type,high,Beauty & Personal Care,Hair Salons & Barbers
e85f8a97-785b-4c89-aa67-a0a26b5e5370,"Michael Campion, MD",doctor,google_type,high,Health & Medical,Primary Care
0e9892c7-e181-4268-bcd8-a4128aa7fae1,Reflections At Oro Grande,health,google_type,high,Health & Medical,Primary Care
3e8eaa3d-5b14-40b5-bb87-c3449df2b8af,Bare Body and Beauty Bar,tanning_studio,google_type,high,Beauty & Personal Care,Tanning
eeef16ae-765f-4188-810b-cd5f5bf0fd5a,Buy Havasu Real Estate,service,name_keyword,high,Professional & Financial,Real Estate
86c70973-e127-457e-8b0e-aa1429f7176b,Lube-X-Press,car_repair,google_type,high,"Auto, RV & Marine",Auto Repair
6e98c4e6-0a99-4300-9c44-4b3198b00384,Red Robin Gourmet Burgers and Brews,restaurant,google_type,high,Eat & Drink,Restaurants
63e39909-0458-4a5f-bade-e5b7a4cb5988,"The Law Offices of Heather C. Wellborn, P.C.",lawyer,google_type,high,Professional & Financial,Attorneys
6e18c6ef-e50a-4211-bed4-88e24f741890,Frank Ineffable Barber,barber_shop,google_type,high,Beauty & Personal Care,Hair Salons & Barbers
04500527-2584-47c9-9d79-e29453ff6fec,Havasu Regional Medical Center,medical_center,google_type,high,Health & Medical,Primary Care
c1f9c7a7-160b-4873-8093-61d1c44d1650,Casa Grande Assisted Living Home,health,google_type,high,Health & Medical,Primary Care
da2eeea0-6326-407e-bcc1-493c2ca120da,Commander Center,convenience_store,google_type,high,Shopping & Retail,Convenience
bb1199a3-154c-4335-b208-9395a0a395f2,Fast Tax Solutions Lake Havasu arizona,consultant,name_keyword,high,Professional & Financial,Accountants & Tax
f13769c5-d2e4-47cb-b605-5bf12e54d73e,Lake Havasu Property Management,service,llm_judgment,low,Professional & Financial,Real Estate
58e88f27-76ff-4045-bff7-ca45dbbea4f0,Starbucks Coffee Company,coffee_shop,google_type,high,Eat & Drink,Cafés & Coffee
8230e414-7008-4b5a-bd05-8b9fb95d73df,A & E Services,consultant,google_categories,low,Professional & Financial,Financial Advisors
70ebb8f4-b94f-4c6d-9c39-324fb7e57667,Subway,sandwich_shop,google_type,high,Eat & Drink,Quick Bites & Takeout
a7c8a099-3d69-4d5d-b1a0-253831ef6ba7,LUXENAILS BY P,nail_salon,google_type,high,Beauty & Personal Care,Nail Salons
f82f9734-3662-4f10-b913-f71fc8b16a38,Infinity Legal Services,consultant,name_keyword,high,Professional & Financial,Attorneys
0dc29a74-0270-488b-873d-50e6047020a0,Thrive Healthcare FNP,health,google_type,high,Health & Medical,Primary Care
2d7a7892-57fb-4e08-9607-99b178d4e810,Sport Clips Haircuts of Lake Havasu City,hair_salon,google_type,high,Beauty & Personal Care,Hair Salons & Barbers
f7ac83c5-a809-423f-b7b8-b74660aefc24,"Carol Capozzi, FNP",health,google_type,high,Health & Medical,Primary Care
e22a184f-9f71-4bf2-b6ab-e256c3ddf273,Robsnrg bodyworks and massage,massage,google_type,high,Beauty & Personal Care,Day Spas & Massage
65a1b7e7-3082-45c7-aea0-1e5911cf2eb3,"Mandeep Powar, MD",doctor,google_type,high,Health & Medical,Primary Care
7aaf9abf-de78-4e7e-aa09-c1494e2432dd,Nicholas Beard,health,google_type,high,Health & Medical,Primary Care
3c7d104d-528d-4e3b-a04b-0435f56e630c,Shawn O'haver,medical_clinic,google_type,high,Health & Medical,Primary Care
68596547-f444-454a-87f6-d81d933860d4,Desert Oasis Wellness and Medspa,spa,google_type,high,Beauty & Personal Care,Day Spas & Massage
260dbb39-05ea-4279-a458-9b60e39ecf1a,Serenity Beauty Lounge,beauty_salon,google_type,high,Beauty & Personal Care,Hair Salons & Barbers
12bff7f9-7afe-4a92-a9a9-e0d4f075a74c,Lakeside Primary Healthcare,medical_clinic,google_type,high,Health & Medical,Primary Care
72e65303-6cac-4d49-b74e-5326d0618f9c,Western Masonry,general_contractor,google_type,high,Home & Property Services,General Contractors
861687b7-17dd-4fce-8ad6-bad715f14d23,Select Insurance & Financial Services,insurance_agency,google_type,high,Professional & Financial,Insurance
e3470c74-cbbc-42b1-9e68-cb83084d3fd4,"Dr. Vasilios W. Kaperonis, MD",doctor,google_type,high,Health & Medical,Primary Care
bb31d0d7-4e35-4082-b6c7-687308220728,Beacon Of Health Family Chiropractic and Natural Medicine,chiropractor,google_type,high,Health & Medical,Chiropractic
67987190-63d6-476e-91a6-60dfe62cb58d,Havasu Family Practice Center,medical_clinic,google_type,high,Health & Medical,Primary Care
5e895d55-89e9-4be6-bcb2-09864f895e08,Hard Money Lenders Lake Havasu City AZ,finance,google_type,high,Professional & Financial,Financial Advisors
88f6bbff-481f-48e8-94d2-4615533b031f,Jennifer Talbott,dentist,google_type,high,Health & Medical,Dentists & Orthodontists
1b356afd-7455-476e-8208-d6a81b084729,"Dr. Mohamed S. El-Toukhy, MD",doctor,google_type,high,Health & Medical,Primary Care
4bd13a5f-24c4-4c59-a76c-af339faa31b0,"Rhett Burgener, OD",health,google_type,high,Health & Medical,Primary Care
95e1c269-96bd-4b30-a44c-3b693e4f7208,Lake Havasu Chiropractic,chiropractor,google_type,high,Health & Medical,Chiropractic
73f1a7b3-620f-4d85-aadb-b37a423d4dd2,Desert Tech Roofing,roofing_contractor,google_type,high,Home & Property Services,Roofing
b3f013e3-7bd9-4dd0-84ef-4079f3f6f23e,A-Z Tax & Business Service,consultant,name_keyword,high,Professional & Financial,Accountants & Tax
1f9b16ca-2764-4ad3-b50a-8120be7e2ddc,PhotoAiD,service,llm_judgment,low,Professional & Financial,Photographers
7f8b19db-f369-4b7c-92cf-56a5fbe6483e,Lake House Assisted Living,health,google_type,high,Health & Medical,Primary Care
7f82b449-15e8-4f3a-a1fc-d55893dfc147,"Lauren Smith, Realtor Lake Havasu City",service,name_keyword,high,Professional & Financial,Real Estate
41d1b91d-d100-47db-ae17-560ee6e8c8ea,Daddy o’s detail and handyman services,car_wash,google_type,high,"Auto, RV & Marine",Car Wash
77f76e41-e4d5-4d6d-bf05-573c1ea05b8e,"Jack Buckman, O.D. - Optometrist",health,google_type,high,Health & Medical,Primary Care
ee4fc9c5-f7fa-47d4-be6b-408447978dc4,Midwest Internal Medicine: Ong-Veloso Angelo MD,doctor,google_type,high,Health & Medical,Primary Care
b3a006cc-e509-4019-8016-3fb96f91e1d8,Working Class Clothes,,llm_judgment,low,Shopping & Retail,Clothing & Apparel
862f0148-fbcf-4abb-8566-ac9eae723b92,GDK LLC,consultant,google_categories,low,Professional & Financial,Financial Advisors
7db1e388-2beb-4869-bbda-340403aa45f4,Springberg McAndrew,insurance_agency,google_type,high,Professional & Financial,Insurance
803ef663-86dd-4a49-aff4-559cac3a98c1,TT's Legal Document Services,consultant,name_keyword,high,Professional & Financial,Attorneys
f45e0a85-f274-4361-b797-1e79ebe1fb66,Lakeside Spine & Pain,doctor,google_type,high,Health & Medical,Primary Care
7ecf083f-6ff7-4c9c-b86b-26942fcf4a02,Optima Medical - West Lake Havasu City,doctor,google_type,high,Health & Medical,Primary Care
75a51c0d-af64-4211-a8fc-1a31fbac0dcf,Capt Kenne Charters LLC,,provider_subcat,high,On the Water,Boat & Watercraft Rentals
197b9789-f78c-457a-a236-37eb08eff8d2,The Cove Salon,hair_salon,google_type,high,Beauty & Personal Care,Hair Salons & Barbers
4ee29846-5805-447f-ac94-eeae617b6f33,Body Essentials Holistic Spa,spa,google_type,high,Beauty & Personal Care,Day Spas & Massage
99d0c8e2-e827-4ad9-ae17-2829f246338e,Havasu City Storage,storage,google_type,high,Home & Property Services,Self-Storage
0090f767-2d92-4c36-b944-cf435a92e74e,Circle K,convenience_store,google_type,high,Shopping & Retail,Convenience
cc3df1e3-5608-426d-ac41-d3fa64811068,"Jocelyn Jedick-Branchick, DO",doctor,google_type,high,Health & Medical,Primary Care
4f77cad6-f31f-4718-adfb-e12576c6c8ef,"Angela Bergmann, DO",doctor,google_type,high,Health & Medical,Primary Care
238246d6-b537-462e-964d-637fa9fda583,Skincare by Shelby,beautician,google_type,high,Beauty & Personal Care,Hair Salons & Barbers
7c1c9cac-404d-4b41-a79f-cc6368035fde,The Oasis at Lake Havasu - Luxury Pool /Spa - 3 BR,lodging,google_type,high,Lodging,Hotels & Motels
47adaf51-bad6-41f3-8122-3654515894d3,"Eugenia Osbon, DDS",dentist,google_type,high,Health & Medical,Dentists & Orthodontists
fb1d9cd2-394f-4390-bb54-1e255110cae8,"Ahn Family Dentistry: Dr. Edward B. Ahn, DDS",dentist,google_type,high,Health & Medical,Dentists & Orthodontists
08f5e596-438d-4a42-b132-508035d175cb,Modern Therapeutics Testosterone-Lake Havasu City,medical_clinic,google_type,high,Health & Medical,Primary Care
5a748029-ab6d-41c9-80a9-15c730bb1776,"State of Grace, LLC AZ",medical_clinic,google_type,high,Health & Medical,Primary Care
1f98c161-859e-45c6-962b-dde550486b70,Jaded Beauty Salon Studio,beauty_salon,google_type,high,Beauty & Personal Care,Hair Salons & Barbers
8b7c08fb-4c7f-4e4e-8930-65e1c469d500,Back Flow Preventer,plumber,google_type,high,Home & Property Services,Plumbing
e9cbce5b-b068-4a3b-b575-32c11beeea13,"Dr. Asim Rahman, MD",doctor,google_type,high,Health & Medical,Primary Care
4a2af449-a472-4f2f-b340-4dd9feee5114,Penthouse Budget Storage,storage,google_type,high,Home & Property Services,Self-Storage
24737e3b-a0de-42d3-b46b-1b9563d00f44,Go Lake Havasu Visitor Center,visitor_center,google_type,high,Things to Do & Attractions,Landmarks & Sights
ac59c4e9-bb1d-4d8a-be9b-f8328cd3e8f9,Chase Home Lending,finance,google_type,high,Professional & Financial,Financial Advisors
c64ab239-e8de-46c8-9d82-993015a2edd1,Havasu RV,car_repair,google_type,high,"Auto, RV & Marine",Auto Repair
b7e6d4eb-42d1-4e62-b593-9607f201e97e,Jackson Hewitt Tax Service,finance,google_type,high,Professional & Financial,Financial Advisors
6fdc3d4d-5db6-4db0-a0cc-6d905d561f9f,Sunrise Family Healthcare - Tiarra Sitzer FNP,health,google_type,high,Health & Medical,Primary Care
5f881eba-27c9-4012-8220-9000b99f5701,FYZICAL Therapy and Balance Centers,medical_clinic,google_type,high,Health & Medical,Primary Care
897c6aaa-b182-4cae-a9a4-ed7f2725e2f2,For Love and Lashes,beauty_salon,google_type,high,Beauty & Personal Care,Hair Salons & Barbers
3a981b55-b8e1-41ed-b005-1e2a8f8ed020,Arizona Marriage and Family Institute,health,google_type,high,Health & Medical,Primary Care
d895a3af-8db0-4455-80c0-f04de99cc09b,"Dr. Jonathan D. Shader, DO",doctor,google_type,high,Health & Medical,Primary Care
8c4037bf-292b-4314-bf59-4023174751f0,"Kelsey M. Little, DMD",dentist,google_type,high,Health & Medical,Dentists & Orthodontists
cc845bbe-17f3-4720-b612-f2b68dcc3e91,Riviera Family Dental,dentist,google_type,high,Health & Medical,Dentists & Orthodontists
27b500c6-a622-41a8-94e1-48357753df6a,The Red Onion,breakfast_restaurant,provider_subcat,high,Eat & Drink,Restaurants
52dd171c-8422-4055-b7f0-79932dd83fed,"Dr. Harrison M. Mcdonald, DO",doctor,google_type,high,Health & Medical,Primary Care
37083259-2c7d-4606-b169-fda51c48903c,The Nail Nook and More,beauty_salon,google_type,high,Beauty & Personal Care,Hair Salons & Barbers
0f1a2d79-ee54-4adf-8598-437343db2ce7,Marshall's Computers - Computer Repair in Lake Havasu City,,name_keyword,med,"Auto, RV & Marine",Auto Repair
75b48fc0-0a7a-4e34-93ec-c45e814fd2e7,Essential Therapy Solutions LLC,medical_clinic,google_type,high,Health & Medical,Primary Care
927e102b-8a66-4831-8137-3ef197a7142c,"Havasu Rainbow Pediatrics,PC",medical_clinic,google_type,high,Health & Medical,Primary Care
76e994c0-d4ed-445c-9c32-61ca4c41fd9b,Havasu Hills Apartment Homes | An AllThrive 365 Affordable Housing Property,apartment_building,llm_judgment,low,(EXCLUDE — residential),(not a directory listing)
553d7bc7-a0d0-48a3-8179-74e6a721aab4,Motto Clear Aligners,dentist,google_type,high,Health & Medical,Dentists & Orthodontists
9faca4c5-a2a2-407b-8d16-47bbc2a3dc0f,Botox Synergy Skin and Laser Center,spa,google_type,high,Beauty & Personal Care,Day Spas & Massage
51c66877-5acf-4abb-87e1-5abd1092d63c,Golden Hour Salon,hair_salon,google_type,high,Beauty & Personal Care,Hair Salons & Barbers
528a207f-6b42-473a-be2e-4abaab8fa46e,Queen Aesthetic,beauty_salon,google_type,high,Beauty & Personal Care,Hair Salons & Barbers
6c8e1f66-5da7-42a7-8376-9ca0aa1bec29,John's Barber Shop,barber_shop,google_type,high,Beauty & Personal Care,Hair Salons & Barbers
146325b5-0c6f-4647-824c-f883901e9bda,Havasu Nursing Center,health,google_type,high,Health & Medical,Primary Care
8942340f-cdbb-4e6f-8fe9-99d3ebffba03,"Sandra Bronni, MD",doctor,google_type,high,Health & Medical,Primary Care
d60ff2a6-49c8-4d34-91cb-aab497f617cf,HYDR8AZ IVs & Medspa | Mobile IV Therapy Lake Havasu,spa,google_type,high,Beauty & Personal Care,Day Spas & Massage
2f75c93c-38dc-4416-90d3-327531a47c41,Serenity Assisted Living,health,google_type,high,Health & Medical,Primary Care
1208b90a-dbff-4d54-bb63-14fc2ffedb9a,Number One Nails,nail_salon,google_type,high,Beauty & Personal Care,Nail Salons
63737d19-1462-42ea-b978-b358ddb01c16,Hannah the Hair Mechanic,barber_shop,google_type,high,Beauty & Personal Care,Hair Salons & Barbers
2c7700b6-fbe8-4150-b157-55ae4a65df74,Dr. Jeff Carls Family Medicine,doctor,google_type,high,Health & Medical,Primary Care
b18c7ef8-0105-4118-ae41-9489e62aea57,Barnet Dulaney Perkins Eye Center,medical_clinic,google_type,high,Health & Medical,Primary Care
8516b557-fb09-4a7d-813a-bc76c18f9ca8,The Speakeasy Beauty Lounge,beauty_salon,google_type,high,Beauty & Personal Care,Hair Salons & Barbers
4738ad45-0105-4586-97ec-adf0d2ffd862,"Paul Thompson, OD",health,google_type,high,Health & Medical,Primary Care
502704a7-dd08-450a-9998-039b950dc9b6,Vanity Studio,beauty_salon,google_type,high,Beauty & Personal Care,Hair Salons & Barbers
2f0095ab-8ea1-4c96-b8db-9cfbdc93b014,"Regal Nails, Salon & Spa",nail_salon,google_type,high,Beauty & Personal Care,Nail Salons
d9650820-7c62-4bdd-bb3f-6373b6093eba,Arizona Desert Dermatology,skin_care_clinic,google_type,high,Beauty & Personal Care,Med Spas & Aesthetics
d9285b03-b28a-49cc-8682-c133dcbbb7ed,928 SKIN,skin_care_clinic,google_type,high,Beauty & Personal Care,Med Spas & Aesthetics
089e4f9e-75c3-4ac2-8ced-400b1dcd48fc,Riviera Primary Care,medical_clinic,google_type,high,Health & Medical,Primary Care
074022d4-61cd-4315-bd22-bc14a8e2a7e4,Oasis Medical Group LLC,medical_clinic,google_type,high,Health & Medical,Primary Care
1ca2f23b-6bbe-417e-a5c8-0fbd072fdee8,Health Screens 4 Life,medical_clinic,google_type,high,Health & Medical,Primary Care
8073711c-1f50-4962-8c33-c3c8ed78ec1b,Justt Dental Prosthetics LLC,health,google_type,high,Health & Medical,Primary Care
f90048e4-730b-42a2-aab5-303e2da88434,Havasu Dental Center - Dr Ilan Shamos,dentist,google_type,high,Health & Medical,Dentists & Orthodontists
3da64bfc-b5ff-4c64-b810-058802441a86,"Parnian Changizzadeh, MD",doctor,google_type,high,Health & Medical,Primary Care
03eb1c72-62cb-46c7-aaf2-b27d2d358ae5,Havasu Barber Shop,barber_shop,google_type,high,Beauty & Personal Care,Hair Salons & Barbers
897d5fb2-a4c5-4119-a05b-a2828929498c,"Daniel W. Talley, DC",chiropractor,google_type,high,Health & Medical,Chiropractic
83058663-fa2d-4183-b1fa-6726837846d4,MyChiroBlog,chiropractor,google_type,high,Health & Medical,Chiropractic
6159f66d-1f73-47a4-83cf-990931dda2c9,Mountain View Health Clinic,medical_clinic,google_type,high,Health & Medical,Primary Care
0b0f67dc-76f5-4b4a-a4b6-204e66b43d7e,Luna's Massage,massage,google_type,high,Beauty & Personal Care,Day Spas & Massage
41503e60-2cba-4326-b372-0cecfdc7d1f4,Specialty Associates,medical_clinic,google_type,high,Health & Medical,Primary Care
64101e53-fa41-4544-9198-da42ee48df44,Almond nails,nail_salon,google_type,high,Beauty & Personal Care,Nail Salons
d7cadc95-8949-430c-9e33-5f0fcf122f2b,Kegler's Pub at Havasu Lanes,,provider_subcat,high,Eat & Drink,Restaurants
9b750006-c432-43d2-879e-ad713b81b715,Carl Sartori MD,doctor,google_type,high,Health & Medical,Primary Care
68b12e94-0885-4f37-aeac-fd40a8fa1e41,"Diane Hindman, MD, Pharm D",doctor,google_type,high,Health & Medical,Primary Care
37a6663f-8bd4-4852-a7ab-ef4313b7c63c,Charged Up Nutrition Bar,juice_shop,google_type,high,Eat & Drink,Cafés & Coffee
559eab16-1251-4742-ac3c-c4289422a9c5,Patricia Robinson,health,google_type,high,Health & Medical,Primary Care
8439766b-6060-4532-bc81-86631e6ffcd9,Purely Balanced Beauty,spa,google_type,high,Beauty & Personal Care,Day Spas & Massage
5db0b919-c5ab-4c7e-a2f5-bfa149c4793c,Jimmy’s Barber Shop,barber_shop,google_type,high,Beauty & Personal Care,Hair Salons & Barbers
0c657eea-3a42-49c7-8cfb-b9d77714e104,"L D Lumpkin, LCSW",service,google_categories,low,Health & Medical,Primary Care
958d07f1-4b18-4e53-b8f1-35f824539dfd,Lakeside Heart & Vascular Center,doctor,google_type,high,Health & Medical,Primary Care
20e03483-473c-40e2-ab51-9b37afc7dfcb,California Dermatology Institute,doctor,google_type,high,Health & Medical,Primary Care
22e33f8c-f684-44fc-9deb-24a74320d34d,Arby's,fast_food_restaurant,google_type,high,Eat & Drink,Quick Bites & Takeout
cd6f0127-c20f-497c-8fd9-9e5e1706cbef,Havasu Cut-Ups,barber_shop,google_type,high,Beauty & Personal Care,Hair Salons & Barbers
8df5434a-dacf-461f-8424-cacb9a3ac1a5,Beauty by vanny,service,provider_subcat,high,Beauty & Personal Care,Hair Salons & Barbers
d7e868f7-ea77-4fea-bde0-3ea640325b3e,"Michael James Stagner, MD",doctor,google_type,high,Health & Medical,Primary Care
9c34ec78-6116-4479-881b-a3518aed055c,Nature's Integrative Medicine,service,provider_subcat,high,Beauty & Personal Care,Hair Salons & Barbers
7eebd922-4578-4b99-9157-587beaae0e64,Project beauty hair design by Maripaz,hair_salon,google_type,high,Beauty & Personal Care,Hair Salons & Barbers
b4b92e96-3b58-4460-a050-dc8f2d818740,Salon 928,beauty_salon,google_type,high,Beauty & Personal Care,Hair Salons & Barbers
b3471ac1-b797-4660-8b31-f98615caf63d,Anderson William G DO,doctor,google_type,high,Health & Medical,Primary Care
3acf2465-435f-4a5d-951d-9ba8a311e450,Main Stitch Upholstery,furniture_store,google_type,high,Shopping & Retail,Furniture & Mattress
cd15da14-4b02-49c7-96f8-8be1cccceb33,Tammy Nails,nail_salon,google_type,high,Beauty & Personal Care,Nail Salons
da90ac33-c296-4b54-93a8-34015a0100a1,Perfection 2 Detail & Ceramic Coating,car_wash,google_type,high,"Auto, RV & Marine",Car Wash
789d6d7a-4d42-4808-b26a-453867f154a0,"Autumn Shaffer, LE",spa,google_type,high,Beauty & Personal Care,Day Spas & Massage
d1329e86-1864-4e56-9561-c46e924fd487,Havasu Hair Salon,hair_salon,google_type,high,Beauty & Personal Care,Hair Salons & Barbers
06e18553-ac59-4329-8fe1-28edb6e561b8,Skin and Cancer Institute - Lake Havasu,doctor,google_type,high,Health & Medical,Primary Care
40b07070-3edc-46df-a0a5-c951cfcdb70c,Soothing Massage Therapy,massage,google_type,high,Beauty & Personal Care,Day Spas & Massage
e2ae52a4-b0e2-45f8-81f9-d1fc7be86958,The Jennifer Luzzi Group,real_estate_agency,google_type,high,Professional & Financial,Real Estate
85a46d6d-2217-45f8-91a1-d164eab78b89,A Toe Truck,service,google_categories,low,Home & Property Services,Movers
25a88a87-b8f1-43fe-b551-cdbde9d2f593,RELAX MOBILE MASSAGE & ASTR SPECIALTY,chiropractor,google_type,high,Health & Medical,Chiropractic
843784b5-df46-4753-acb4-35f3ea4adff1,Sheryl Lynn's Studio Salon,beauty_salon,google_type,high,Beauty & Personal Care,Hair Salons & Barbers
bbbdb4fd-ec7d-4877-be46-fd61c5f21b60,"Oyas Vic, MD",doctor,google_type,high,Health & Medical,Primary Care
d8075ba5-673d-432f-a1f0-2ed72eb2ca8c,Hav-A-Tech Computers & Phone Repair,service,name_keyword,med,"Auto, RV & Marine",Auto Repair
bcd0bcba-9779-4e9b-9bd9-98dd67d49231,"Thang Ngo, DDS, DMD",dentist,google_type,high,Health & Medical,Dentists & Orthodontists
30fe56c3-1f48-4847-8ab7-b54f3512fd66,FlexCare Infusion Centers,medical_clinic,google_type,high,Health & Medical,Primary Care
914d22ed-d8e2-4986-bd0d-f8720950b538,Pleasant Valley Dental,dental_clinic,google_type,high,Health & Medical,Dentists & Orthodontists
efc95f05-7e91-45f0-b509-2c64c6fbb113,Charles-Italy Massage Therapy,educational_institution,google_type,high,Family & Education,Colleges & Higher Ed
1626eb5d-5621-4757-b905-43b399dfea0f,Specialty Associates - Cardiovascular and Thoracic,doctor,google_type,high,Health & Medical,Primary Care
451a8a29-dfef-40f4-815c-a719b32c000c,"Brannon Velau, Hair Artist",hair_salon,google_type,high,Beauty & Personal Care,Hair Salons & Barbers
df7f038d-7200-4219-bb2c-ae74b95b3157,New West Dental Lab,health,google_type,high,Health & Medical,Primary Care
ddc1a9d2-da83-4230-b08d-876fc49b1370,Longevity Health with Trifecta BioHacking Lounge,wellness_center,google_type,high,Fitness & Wellness,Nutrition & Wellness
c4697ab1-dde7-4f63-bd96-95f1455bbedc,Mohave Dental Prosthetics,health,google_type,high,Health & Medical,Primary Care
8afb6d0d-5ef1-43d7-aaee-9c19940401e2,Gems 4 Assisted Living,health,google_type,high,Health & Medical,Primary Care
318c3e3e-1702-42b6-82c3-1bbed66c2cc7,Lake Havasu Senior Center,service,google_categories,low,Health & Medical,Primary Care
ce2ebb54-948f-476e-8154-c87299d4a1e4,Hair Cartel,beauty_salon,google_type,high,Beauty & Personal Care,Hair Salons & Barbers
cc6a626d-eff4-4c7a-b0c1-595a2a2da20a,Return to Radiance Skin Care Studio,service,provider_subcat,high,Beauty & Personal Care,Hair Salons & Barbers
ad0a5d40-6010-47e7-9fd8-305664c5ecb6,Salt and Light Counseling,health,google_type,high,Health & Medical,Primary Care
98204987-3571-4cb9-a863-3969f7262c5a,JD's Barbershop,barber_shop,google_type,high,Beauty & Personal Care,Hair Salons & Barbers
f834f078-341e-42f5-8394-76b722d237ed,Tease and Polish,beauty_salon,google_type,high,Beauty & Personal Care,Hair Salons & Barbers
313e35c0-602e-4a70-919d-e91fef7ee8e4,High Desert Counseling and Consulting,medical_clinic,google_type,high,Health & Medical,Primary Care
578cf4ae-d9a6-44aa-a78c-d24dfe126916,The KAWS,food,google_categories,low,Eat & Drink,Cafés & Coffee
2b7b93db-661c-4d0e-9f0d-acb7ea4da9ca,Outlaw IV and Wellness,health,google_type,high,Health & Medical,Primary Care
9985376d-8382-4d18-befe-e64cd5a69d4f,Havasu Pediatrics,medical_clinic,google_type,high,Health & Medical,Primary Care
072475ad-4133-4e8b-aecb-b0147971c17a,Riverside Boat Dock Sales,marina,google_type,high,On the Water,Marinas & Launch Ramps
a1dd415d-0732-42d7-be6b-3a211f7c8666,Attention To Detail,car_wash,google_type,high,"Auto, RV & Marine",Car Wash
1b6900dc-df1a-4ec1-bd97-36fcef96b3f2,"Southwest Primary Care, Dr. Lonial",doctor,google_type,high,Health & Medical,Primary Care
e1b5064b-2f37-4198-8ede-69f449dc174a,Iron Wolf Golf & Country Club,association_or_organization,google_type,high,Community & Civic,Nonprofits & Charities
c41a8e36-10b1-4b28-8f30-8c075aa7941a,Lundin Dental,dentist,google_type,high,Health & Medical,Dentists & Orthodontists
cdf9257b-a414-41aa-9572-f832f05c5c08,Abnorm Al's Mobile Repair,car_repair,google_type,high,"Auto, RV & Marine",Auto Repair
5b2f268c-92ad-4101-b8cb-95cb9d52d109,Advantage Boats & RV Storage,storage,google_type,high,Home & Property Services,Self-Storage
31a89e52-b68f-414a-a712-f85ea364caaa,Arizona HVAC Service,service,name_keyword,high,Home & Property Services,HVAC
033ff14d-c7b6-4e79-b706-5cb94ba9dc81,Lakeside Boat & RV Storage,storage,google_type,high,Home & Property Services,Self-Storage
f92df7a2-376f-4c92-b7fc-4da832c2f6d3,P J's Landscaping Maintenance,general_contractor,google_type,high,Home & Property Services,General Contractors
38e90e8d-b356-4afd-989f-474cf3889621,HEAT Bar,hotel,google_type,high,Lodging,Hotels & Motels
612735be-9e2a-43b1-b230-a097d94517f4,Vibrant Landscaping LLC,general_contractor,google_type,high,Home & Property Services,General Contractors
b97bc327-200b-40dd-9a87-8c03b44ee957,Extreme Clean Exterior Services,service,name_keyword,med,Home & Property Services,Cleaning
41d3202b-a65a-4b85-bf3f-44868238bf0d,Plus Electric,service,name_keyword,high,Home & Property Services,Electrical
2cde2c15-2c57-423a-a6e6-f738795e8d50,SERVPRO of Lake Havasu City/Bullhead City/Kingman,general_contractor,google_type,high,Home & Property Services,General Contractors
20c9b4af-4367-42ee-92ef-895bd34b9d49,Four Seazons Heating and Cooling,general_contractor,google_type,high,Home & Property Services,General Contractors
03fac638-a12d-463e-b065-fa4034ddd614,Truly Nolen Pest & Termite Control,service,name_keyword,high,Home & Property Services,Pest Control
e3b459d4-e357-41cb-ba6e-f9291d4371bf,Paramount Construction,general_contractor,google_type,high,Home & Property Services,General Contractors
b396c5c3-9f9d-4d1e-9c27-fd9016848866,"J D'Uva Services Plumbing, Inc.",plumber,google_type,high,Home & Property Services,Plumbing
29cca5a8-680d-4f55-b52f-365a15ae6fd2,American Maintenance Pool Services,general_contractor,google_type,high,Home & Property Services,General Contractors
833d86fe-e93b-4a4c-b31d-15d18ca22d50,Mohave Leak Detection,plumber,google_type,high,Home & Property Services,Plumbing
c8912be9-b735-485b-b18d-54738c3824a9,HVAC/DUCT Cleaning & More Services,service,name_keyword,high,Home & Property Services,HVAC
62d71805-2080-4cad-b4b2-49844d88b395,Living Word Family Church,church,google_type,high,Community & Civic,Places of Worship
0d1f5acb-b1fe-46b4-b28e-aac3b00fa9bf,Crash! Customs,car_repair,google_type,high,"Auto, RV & Marine",Auto Repair
f5994aae-3869-45b5-90cc-c2628264f8d1,Sabre Building Corporation,general_contractor,google_type,high,Home & Property Services,General Contractors
1d8bf64a-2fbc-4c87-b542-12c8cdfa80d8,Gama's Landscaping,general_contractor,google_type,high,Home & Property Services,General Contractors
77a50133-0285-4be8-a2cc-3caacbb39708,J Bird Outdoor Storage,storage,google_type,high,Home & Property Services,Self-Storage
10d349dc-34ab-4f11-9511-0372f06a82a6,Prolong Roofing,roofing_contractor,google_type,high,Home & Property Services,Roofing
9f7b5100-83a7-47a6-98d8-ef3522634995,Our Saviour's Lutheran Chapel,church,google_type,high,Community & Civic,Places of Worship
d5510361-aa4e-4bcb-9d8d-90b4ff7ef503,SK Motorsports Havasu,car_repair,google_type,high,"Auto, RV & Marine",Auto Repair
15e8ad65-a74c-4164-bd68-0f989718167f,Havasu Foot & Ankle Surgi-Center,medical_clinic,google_type,high,Health & Medical,Primary Care
ad4c4f83-420c-4ee4-b147-2c95bc76a5c1,Better Plumbing By Farr,plumber,google_type,high,Home & Property Services,Plumbing
ec7db8b1-11c3-4bac-b1dd-ff00a8b44eb4,Havasu Boat & RV Storage,storage,google_type,high,Home & Property Services,Self-Storage
caaa9357-479b-4956-a5c3-1637d0dd99be,AZ Vacation Rental Cleaning,service,name_keyword,med,On the Water,Boat & Watercraft Rentals
1e3a5f36-b4b2-42dd-9c89-40ee1cf87196,The Weatherman A/C and Heating LLC,general_contractor,google_type,high,Home & Property Services,General Contractors
706d4433-f5b2-4510-aad9-c2c95aa763a6,Ross Dress for Less,clothing_store,google_type,high,Shopping & Retail,Clothing & Apparel
f093efdf-c9ae-48f8-b989-af69f22b8fc3,Lakeside Towing,service,llm_keyword,low,"Auto, RV & Marine",Towing & Roadside
ecf45019-0045-449d-945e-d9a5af4b0513,Kelco Homes,general_contractor,google_type,high,Home & Property Services,General Contractors
f6b5f36c-e1a2-4892-8a38-19ecaae8bd2f,Chavez Hauling & Landscaping,service,google_categories,low,Home & Property Services,General Contractors
35fe1d53-5b8d-4c0a-bdd9-d3a334474888,Lake Havasu City Heating & Air Conditioning,general_contractor,google_type,high,Home & Property Services,General Contractors
9ceb99cf-9364-4f40-b48e-97227819d78d,Parker Roofing,roofing_contractor,google_type,high,Home & Property Services,Roofing
6d6043f2-46dc-4667-acd4-db2b0a397cc3,Clean Queen Home Cleaning Services,service,name_keyword,med,Home & Property Services,Cleaning
0e0363f0-902d-428a-a2ec-1d4f8c59857e,Havasu Handyman Services,general_contractor,google_type,high,Home & Property Services,General Contractors
4b8801b4-e510-49c3-9d5c-815c11a4b5b9,Mohave Valley Design,service,google_categories,low,Home & Property Services,General Contractors
6b7af0f8-7e99-43b5-953c-3675df0620eb,Minute Key,locksmith,google_type,high,Home & Property Services,Security & Alarms
5081b78f-b547-4805-8595-84bfc8e5c1a0,Lake Havasu Concrete Contractors,general_contractor,google_type,high,Home & Property Services,General Contractors
57fce038-9555-4d1f-b584-a02d3c89f253,London Bridge Storage Solutions,storage,google_type,high,Home & Property Services,Self-Storage
fb1cb2f8-347e-48ec-bb22-86f8cc1bf550,KS ELECTRIC,electrician,google_type,high,Home & Property Services,Electrical
d44b7842-c0f0-476f-989e-66e66deda9dc,Spruce Goose Cleaning,service,name_keyword,med,Home & Property Services,Cleaning
01b600ad-cbbb-4158-9b81-bdddcd49fd74,South End Storage,storage,google_type,high,Home & Property Services,Self-Storage
0c4c2275-b085-4a57-874c-3fdbee9c4511,It's Just Wings,chicken_wings_restaurant,google_type,high,Eat & Drink,Quick Bites & Takeout
14bb5f34-0102-4a0e-98d3-798dc17e720a,Depot Storage Boat and RV,storage,google_type,high,Home & Property Services,Self-Storage
46c1ea6b-1376-47be-9bba-e6d7cd1631f7,Bridge City Roofing,roofing_contractor,google_type,high,Home & Property Services,Roofing
0ab1da5b-e5c4-4ca5-9c01-f35abd475393,Perfect Patch Drywall Repair,general_contractor,google_type,high,Home & Property Services,General Contractors
b8195790-5475-4e4a-9ba1-c392a692fe13,Mercury Air Conditioning & Heating,general_contractor,google_type,high,Home & Property Services,General Contractors
3d0158e0-4ceb-4b28-88ac-6b9ba12a6abb,Iron Sight Electric,electrician,google_type,high,Home & Property Services,Electrical
b598a50e-815f-425d-8c94-f7799b06755c,Alley Way Storage,storage,google_type,high,Home & Property Services,Self-Storage
2497eea3-8d06-40fc-b319-c0068aa00837,ABCO Builders Inc.,general_contractor,google_type,high,Home & Property Services,General Contractors
9124c9c1-59ad-40d6-943a-63c675092de8,London Bridge Tours by Havasu Discovery Tours LLC,,provider_subcat,high,Things to Do & Attractions,Landmarks & Sights
9435870b-27b7-414b-9150-08bd4bfc74c8,The Office Cocktail Lounge,,provider_subcat,high,Eat & Drink,Restaurants
e627e3d7-30ff-40f4-b06f-e34a835b7e85,Healthy Choice Chem-Dry,laundry,llm_judgment,low,Home & Property Services,Cleaning
bd109775-fe14-40f9-aeab-b75c55b70128,Mihali Cycles Havasu,car_repair,google_type,high,"Auto, RV & Marine",Auto Repair
895fe9bb-b404-4569-be03-6627a77fc1c9,AutoZone Auto Parts,auto_parts_store,google_type,high,"Auto, RV & Marine",Auto Parts
1c7c0866-de6c-4c3a-87c6-3456b128c514,Wild Coffee - Main Street,cafe,google_type,high,Eat & Drink,Cafés & Coffee
8148b310-4306-4bc7-a84c-ad0bf4554d37,The Cleaning B's House Cleaners,service,name_keyword,med,Home & Property Services,Cleaning
1008b848-3853-4bd5-bb45-d2ad34dd713c,SJ Roofing,roofing_contractor,google_type,high,Home & Property Services,Roofing
270e5225-c902-46d4-82b8-b3db0d355d3f,Countryshire Boat & RV Storage,storage,google_type,high,Home & Property Services,Self-Storage
11c6592f-f184-4cbe-a48b-236138d5a25e,Funky Junk LHC,clothing_store,google_type,high,Shopping & Retail,Clothing & Apparel
0512b5ad-cc67-47d2-a29b-c3638869c539,Desert Sky Behavioral Health,medical_clinic,google_type,high,Health & Medical,Primary Care
6e601867-8bb1-4438-8386-dd7d5fae6038,Susie's Yard Care,service,name_keyword,high,Home & Property Services,Landscaping & Lawn
969fb5d1-8eab-41cb-8333-814685852caf,Lake Front Storage & Business Center,storage,google_type,high,Home & Property Services,Self-Storage
1451e379-0aac-44f4-9aaf-828b43089940,Heritage Masonry & Co,general_contractor,google_type,high,Home & Property Services,General Contractors
b77cfdef-1d8a-41de-8924-ea9751b204e4,Angel's Creative Landscaping LLC,general_contractor,google_type,high,Home & Property Services,General Contractors
661cdee3-7d66-446d-87f9-c47a5b2ee5bb,Aloha Electric,electrician,google_type,high,Home & Property Services,Electrical
0aeb5422-e511-4d3e-b250-e70dbd05a26c,Easy Auto Rents,car_rental,google_type,high,"Auto, RV & Marine",Car Rental
01385f57-e3bf-4cf7-aaae-521260fa4d16,Moran AZ Homes,general_contractor,google_type,high,Home & Property Services,General Contractors
8160142f-4947-4347-8463-862cd71f87e6,The Promised Land Landscaping Svc,general_contractor,google_type,high,Home & Property Services,General Contractors
62572a88-ac12-4e08-bf4f-50edc3bf6b01,Dusty Rose Cleaning,service,name_keyword,med,Home & Property Services,Cleaning
9fa12970-9b42-4fae-87a3-74b765eb9aac,SunShine HVAC cleaning,service,name_keyword,high,Home & Property Services,HVAC
dc2b83e2-157c-495f-aa7b-ce4a3078e75f,Beckett House,health,google_type,high,Health & Medical,Primary Care
2a7254a3-d5e5-4372-b3c6-e1234fcf7424,Havasu Boat Storage,storage,google_type,high,Home & Property Services,Self-Storage
315af01d-de7a-4d29-b369-d74c7fe83b69,Priority One Plumbing,plumber,google_type,high,Home & Property Services,Plumbing
1f74a04d-4a52-4a56-bac9-4baba8dfa2ef,American Pro Movers,moving_company,google_type,high,Home & Property Services,Movers
e2b34d64-1351-453d-a1bf-e8c19d9d015f,Lake Havasu Orthodox Church,church,google_type,high,Community & Civic,Places of Worship
4bb84320-7ed0-4220-b744-210993b7e67a,"The Hamp Law Offices, LLC",lawyer,google_type,high,Professional & Financial,Attorneys
8205858d-ddf4-4bb2-b03d-053be80db0e9,Shugrue's Restaurant & Bar,,provider_subcat,high,Eat & Drink,Restaurants
ff1f98d8-9d42-4ac2-bf8a-d065e363898d,Janecek Homes,general_contractor,google_type,high,Home & Property Services,General Contractors
988f1aef-e32d-4fa5-98b8-4f1aa3e9fa11,LuxeLocker Premium Storage - Corporate Office,storage,google_type,high,Home & Property Services,Self-Storage
25ca6f8a-25b7-4769-9d06-42fe1dedeaa0,Wells Fargo Bank,bank,google_type,high,Professional & Financial,Banks & Credit Unions
5e492cc8-77c1-4f7e-84b7-1bbd5d8f2b03,Hot Solutions HVAC,general_contractor,google_type,high,Home & Property Services,General Contractors
90a79cf6-419b-4c8f-8d91-b93b6d35ba12,Ace Construction & Maintenance,electrician,google_type,high,Home & Property Services,Electrical
106e939b-12ba-453f-9cec-1a2af862c7a0,HICK'S COOLING & HEATING,general_contractor,google_type,high,Home & Property Services,General Contractors
30fbcdf6-d64a-4233-a067-e933e569e6d5,Huffman Chiropractic,chiropractor,google_type,high,Health & Medical,Chiropractic
a369dc1a-a798-4b16-aff0-fd8b6224d4c1,Northshore Plumbing,service,name_keyword,high,Home & Property Services,Plumbing
2809ede1-f7ef-4f2f-a34a-a83de6bc3e56,London Bridge Electric,electrician,google_type,high,Home & Property Services,Electrical
c011a292-61e1-47f8-948c-e179c1ef882a,Lake Havasu VIP Storage,storage,google_type,high,Home & Property Services,Self-Storage
6a38ba13-93ec-4f6a-b309-838cdf83df1d,Long River Realty- Holley Land & Luxury Group,real_estate_agency,google_type,high,Professional & Financial,Real Estate
76dceba1-0eb3-4ad3-a3ac-595e60785ff4,Nowak Homes LLC,general_contractor,google_type,high,Home & Property Services,General Contractors
37c14490-d817-4de7-9e45-383c348a5d07,1st Choice Automotive,car_repair,google_type,high,"Auto, RV & Marine",Auto Repair
fcfe123f-32b9-485c-b1c9-5067a466c839,Mick's Handyman,general_contractor,google_type,high,Home & Property Services,General Contractors
54439dac-10df-4f0c-baca-d70c5612c0da,Sloane's,,provider_subcat,high,Eat & Drink,Restaurants
e2737079-ae4f-4008-a949-6e75ada55838,Sun N Sand Storage,storage,google_type,high,Home & Property Services,Self-Storage
d9084dbf-3bdf-4bea-af3f-ae2fc96f0204,ELEMENT ROOFING,roofing_contractor,google_type,high,Home & Property Services,Roofing
6cf9f11f-4bec-432c-b4c6-d3c7014fef1b,Ghost Mine Saloon,,provider_subcat,high,On the Water,Boat & Watercraft Rentals
43de47a2-45f7-4e98-9b4d-fbf29ba1c2f6,Havasu Shuttle Service LLC,,llm_judgment,low,"Auto, RV & Marine",Shuttles & Transportation [NEW]
ee6ce453-5346-4b1d-b6d9-b466e7cbbc06,the Pink Closet,clothing_store,google_type,high,Shopping & Retail,Clothing & Apparel
64b60b08-2cc5-4a3a-a71d-28b597d20539,A River Run Express,,llm_judgment,low,"Auto, RV & Marine",Shuttles & Transportation [NEW]
0c84b59e-7ea6-42a4-9d55-871723650dd5,Havasu Party Bus & Shuttle,,llm_judgment,low,"Auto, RV & Marine",Shuttles & Transportation [NEW]
40b4f7c6-fd81-4241-97ea-35b6fbf3dc4b,Callagy Construction,general_contractor,google_type,high,Home & Property Services,General Contractors
3eb6a698-f082-498e-87be-f492995745ac,"Wendy L. Mcguire, PTA",physiotherapist,google_type,high,Health & Medical,Physical Therapy
a5340b6e-f0cf-41d9-a40d-a086454a5358,Day & Night Shuttle,,llm_judgment,low,"Auto, RV & Marine",Shuttles & Transportation [NEW]
7dad06d6-5e1b-43d1-bfa8-64b37e1d3af3,B-Right There Shuttle,,llm_judgment,low,"Auto, RV & Marine",Shuttles & Transportation [NEW]
0360486c-706a-4495-b8b8-c95f70d63985,Havasu Net Em Guide Service,,provider_subcat,high,On the Water,Boat & Watercraft Rentals
eb16f4c4-9ae9-4c0f-85b9-86c1f0f49469,Pro Line Construction Services,general_contractor,google_type,high,Home & Property Services,General Contractors
78fc1596-aba3-4df7-92d8-33b307efceae,Blue Persuasion Pools LLC,service,google_categories,low,Outdoors & Recreation,Parks & Playgrounds
c21876f3-568f-4d44-b712-c2eedd070004,"Palmieri Construction, Inc.",general_contractor,google_type,high,Home & Property Services,General Contractors
eca48169-f722-4122-87f6-fb2be8824464,Travelers Inn by Hotel O Lake Havasu City,motel,google_type,high,Lodging,Hotels & Motels
49f2e7db-f620-4200-ab8b-aa731bbbd6bb,Cap'n Cory's Fishing Guide & Outfitter,,provider_subcat,high,On the Water,Boat & Watercraft Rentals
32234801-6284-4057-b8ca-f5e4162720f0,Travelodge by Wyndham Lake Havasu,hotel,google_type,high,Lodging,Hotels & Motels
00cb6b85-69e4-4333-aa08-7a174b073457,Hampton Inn Lake Havasu City,hotel,google_type,high,Lodging,Hotels & Motels
1d9580dd-3ad7-45cb-97d0-6fd2127fddbe,Brittany Brown,physiotherapist,google_type,high,Health & Medical,Physical Therapy
e6613f87-1dbe-45b6-adbd-684191a37ee8,Arizona TikiToons Boat Rental,,provider_subcat,high,On the Water,Boat & Watercraft Rentals
8cedcf13-6eca-4c2c-baac-c4a761772538,Santa Fe Mini Storage,storage,google_type,high,Home & Property Services,Self-Storage
1f24e498-7176-4762-99fe-09ec124a039e,Havasu Excursions,,provider_subcat,high,On the Water,Boat & Watercraft Rentals
c41a0b2e-408c-446b-8fd1-2f3898fb2795,MIAMI MOTORSPORT STORE,service,provider_subcat,high,On the Water,Boat & Watercraft Rentals
08d24ca1-6172-424d-8288-79f3dc584864,Crazy Eds Cardio & Pilates,gym,google_type,high,Fitness & Wellness,Gyms & Fitness Centers
c2e04a9c-6688-4937-ac4f-d2f5185fbe0d,Ron's Fishing Guide Service Lake Havasu Arizona,,provider_subcat,high,On the Water,Boat & Watercraft Rentals
933ce742-4ffc-459b-b692-393a5ba88d07,Win Win Bingo Casino,,provider_subcat,high,Outdoors & Recreation,Parks & Playgrounds
6ede1d77-59f5-4ad1-8114-b9b92e3f2756,Topock 66 Restaurant,,llm_keyword,low,Eat & Drink,Restaurants
401df210-f151-4f4f-a1e9-1382d511a271,Havasu Riviera Marina,marina,google_type,high,On the Water,Marinas & Launch Ramps
3899931b-4046-46f7-a8da-d1897457f73a,Lake Havasu VA Clinic,hospital,google_type,high,Health & Medical,Urgent Care & ER
615fe62c-373e-470b-b3a1-fa73ce46484d,Havasu Tiki Boat,tour_agency,google_type,high,Things to Do & Attractions,Tours & Sightseeing
4ba2c325-e6e0-4194-af6e-f37411d1a615,Havasu Landing Ferry Boat Terminal,ferry_service,google_type,high,On the Water,Boat Tours & Charters
171eaefe-3eb7-477d-a204-9bcc766358e7,Havasu Adventure On The Beach Jet Skis / Boats formerly known as Rentals on the Beach,service,provider_subcat,high,On the Water,Boat & Watercraft Rentals
34d4886e-258c-45c6-b3c0-3747df3ccdf3,Havasu Customs,service,provider_subcat,high,On the Water,Boat & Watercraft Rentals
afcaf90b-9cf9-479a-9509-7d1d2cfb4086,"Christine D. Fielder, MA",health,google_type,high,Health & Medical,Primary Care
83e3f94f-f6b5-4fd5-a090-5c8b662daa0c,The Office Cocktail Lounge & Grill,cocktail_bar,google_type,high,Eat & Drink,Bars & Breweries
0ef7fc23-e877-4873-a53b-98e2efc4d4d1,Dixie Belle,tour_agency,google_type,high,Things to Do & Attractions,Tours & Sightseeing
5fe7ae3e-7ca9-45b6-92e9-e8cedb92e4f5,All American Air,general_contractor,google_type,high,Home & Property Services,General Contractors
edceb279-61b8-4c08-a974-5462a8740c08,Havasu Adventure Company,service,provider_subcat,high,On the Water,Boat & Watercraft Rentals
6c8843f9-3cfe-4d07-a087-fc4c2a812f9d,Lake Havasu Resort,rv_park,google_type,high,Lodging,RV Parks & Campgrounds
38299632-874c-41da-b216-590f1ced5687,Champion Rentals,service,provider_subcat,high,On the Water,Boat & Watercraft Rentals
b48e3ae1-632d-4026-9eb0-5dc8f521b992,Riviera lakeside adventures,service,provider_subcat,high,On the Water,Boat & Watercraft Rentals
6c000938-cead-4221-b890-4c350bffab1a,"Dr. Walter K. Sosey, MD",doctor,google_type,high,Health & Medical,Primary Care
edd0e70f-fbdd-423d-b9cc-142a4b935090,Conquest Boats,,provider_subcat,high,On the Water,Boat & Watercraft Rentals
2e51086e-cd71-4d03-9b8b-a690dbe70885,Realtor Park,park,google_type,high,Outdoors & Recreation,Parks & Playgrounds
e2489de4-e0f5-4575-b003-397f1f0a08d1,Parker Towing HEAVY DUTY TOW TRUCK LAKE HAVASU AZ,service,name_keyword,high,"Auto, RV & Marine",Towing & Roadside
d92b35ad-561d-49f3-82e4-40ee5a0b9e7d,PRO TECH RV,car_repair,google_type,high,"Auto, RV & Marine",Auto Repair
688cec2e-9ddd-4591-88d3-04e19978d447,HTM Performance Boats,supplier,google_categories,low,Outdoors & Recreation,Parks & Playgrounds
a7a95123-552c-4e74-9ace-aa350f5c8632,Dick Samp Memorial,park,google_type,high,Outdoors & Recreation,Parks & Playgrounds
3b6df1d7-695f-4867-a69f-10ebf0491465,Wet Monkey Powersport Rentals,service,name_keyword,med,"Auto, RV & Marine",Powersports & ATV
1e1eea7c-b9c7-418c-8440-c4a05d25766c,Bridgewater Links Golf Course,golf_course,google_type,high,Outdoors & Recreation,Golf Courses
dc5ec89d-ee97-49cc-a5e9-1fc6b486e081,SARA Park,park,google_type,high,Outdoors & Recreation,Parks & Playgrounds
bfb6095e-b856-4aa1-b9ca-d469975f2442,Rotary Community Park & Playgrounds,park,google_type,high,Outdoors & Recreation,Parks & Playgrounds
e5d6dd85-eeec-4f1e-b12c-cb2a2a835e8f,XO Pet Grooming and Academy,pet_care,llm_judgment,high,Pets,Grooming
a7d55ab2-d0ca-4eed-9190-ae0218db6323,Royal Furs & Tails Spaw LLC,pet_care,llm_judgment,high,Pets,Grooming
146006d5-0d59-4fd8-b3cb-6f3a72d94695,The Dog House Doggy Day Care,pet_care,llm_judgment,high,Pets,Boarding & Daycare
83458be7-19f2-4e86-8f55-74ef940b0181,Berolina Insurance Group LLC - Jamie Hindley Licensed Life & Health Agent,insurance_agency,google_type,high,Professional & Financial,Insurance
77008aa5-580e-4244-a310-28e54c955102,Heritage Bridge Assisted Living,health,google_type,high,Health & Medical,Primary Care
86d701e4-e6fb-4023-aff9-1b02672b7dcf,Horrocks Judith A,physiotherapist,google_type,high,Health & Medical,Physical Therapy
9c7a7524-093d-4891-ab49-9c63846a384d,Wolf Watersports,supplier,llm_judgment,low,On the Water,Jet Ski & Watersports
cd207f55-5267-47ec-92e1-3b3aef07da35,United States Postal Service,post_office,google_type,high,Community & Civic,Post Office
ad76ccb6-c58b-4795-9f70-a547123837d7,Pet Clips Plus,pet_care,llm_judgment,high,Pets,Grooming
8d507f95-590e-4f86-ab34-a87eef28082f,Citywide Insurance,insurance_agency,google_type,high,Professional & Financial,Insurance
7ebc59b0-a084-4dfd-a8b8-5d9e4a78a372,Springberg Wealth Management,consultant,name_keyword,med,Professional & Financial,Financial Advisors
628adc5f-95e2-4964-858b-5c524db8a30c,Elliott J M,medical_clinic,google_type,high,Health & Medical,Primary Care
a0d2ae55-0fe9-42ee-adf1-79d4339a3dd7,Serenity Salon Studios,beauty_salon,google_type,high,Beauty & Personal Care,Hair Salons & Barbers
eeeae926-b3dd-49d2-a34c-225f0085b75f,Mesquite Park,park,google_type,high,Outdoors & Recreation,Parks & Playgrounds
d57c7e53-d016-4722-a4f4-7a1932f28f64,Homes at the River Real Estate Group,real_estate_agency,google_type,high,Professional & Financial,Real Estate
3d3eac99-ec13-48ed-981c-23eb66a27587,Chong Servicenter,service,provider_subcat,high,On the Water,Boat & Watercraft Rentals
6c6ee8ce-b29e-4c9f-b0c0-fb098f81bb3e,Laura Mata at Guaranteed Rate Affinity (NMLS #1464456),finance,google_type,high,Professional & Financial,Financial Advisors
dcc00645-7873-42dc-ae4d-bb436ea2efe5,RLB Electric Inc,electrician,google_type,high,Home & Property Services,Electrical
d250a7b2-651c-4623-98cc-fc91bdfbc596,EverPeak Contractors,roofing_contractor,google_type,high,Home & Property Services,Roofing
9803671e-88bd-40cb-bba3-43062514acb5,Dan Firth American Family Insurance,insurance_agency,google_type,high,Professional & Financial,Insurance
426fa250-7232-48c0-8a7e-24f52c2f723e,"Dr. Michael S. Rosen, MD",doctor,google_type,high,Health & Medical,Primary Care
7e436509-6523-47c4-961e-a83cec77bfe2,Desert Land Group,real_estate_agency,google_type,high,Professional & Financial,Real Estate
0b1779f6-ed54-4b35-ac56-2e193a5707bf,"Lisa L Bradley, Ltd EA",consultant,google_categories,low,Professional & Financial,Financial Advisors
588f28c2-f473-4621-ab04-22a18acf628a,Active Hearing Center,doctor,google_type,high,Health & Medical,Primary Care
f251e0c4-55f7-49a8-b3cd-1c7e2b8de417,Jason Jackson - PNC Mortgage Loan Officer (NMLS #239510),finance,google_type,high,Professional & Financial,Financial Advisors
f8aa68ca-1cd6-41e5-b66a-a3df789636ba,weir canyon handyman LLC,service,name_keyword,high,Home & Property Services,Handyman
bf691365-0077-419b-86ed-7ae5261d812b,JCPenney,department_store,google_type,high,Shopping & Retail,Gifts & Boutiques
b67244d7-a277-488f-883d-4c14e8e6e5db,Arizona Coast Performing Arts,sports_school,google_type,high,Family & Education,Kids' Classes & Camps
535627ab-d5c5-42f6-b1fd-c0d441cd4822,UniSource Energy Services,service,llm_judgment,low,Community & Civic,Utilities
c0cc4e9c-6454-4c89-9989-b9f52cad3e8f,Jazzed Nails,nail_salon,google_type,high,Beauty & Personal Care,Nail Salons
f47c61ba-d817-4397-8e63-c8ee5948b89d,Jodi Cook,doctor,google_type,high,Health & Medical,Primary Care
f07f2b10-f42d-41fa-9637-d51a2ca0e43a,Channel Catz,,llm_judgment,low,On the Water,Boat Tours & Charters
0187816d-1b5a-4c77-9550-c2cf717bd206,MJM Water Treatment And Plumbing LLC,,name_keyword,high,Home & Property Services,Plumbing
d0121361-afd0-4dc2-aebe-74dbe8b24848,Bluewater Accounting & Tax Services,consultant,name_keyword,high,On the Water,Boat Tours & Charters
29966c76-6f49-4849-a03d-b92e280e898a,Axiom Insurance Agency,insurance_agency,google_type,high,Professional & Financial,Insurance
9dc878c8-ddba-4ff5-9aae-916f5e93f58f,"Kevin L Ehlers - Private Wealth Advisor, Ameriprise Financial Services",consultant,name_keyword,med,Professional & Financial,Financial Advisors
de962857-7c10-48fc-bfb0-ec87de79dee9,Edify and Elevate,consultant,google_categories,low,Health & Medical,Primary Care
833eace4-d49e-4ebd-bbb9-72daf0ae32a0,Cederstrom Financial Group,consultant,name_keyword,med,Professional & Financial,Financial Advisors
fe35a55b-b15d-4925-b76e-f765729d8cb2,Foothills Bank,bank,google_type,high,Professional & Financial,Banks & Credit Unions
c306f489-f029-48e6-8fcd-e65f8ba55200,Above Water Rentals,service,provider_subcat,high,On the Water,Boat & Watercraft Rentals
93bfc728-38cc-4e91-b58a-61ed8fb1b9d1,My Website Store,service,google_categories,low,Shopping & Retail,Clothing & Apparel
ed0a8efd-9c78-4a20-be01-02ca4c261609,Lakeside Physical Therapy,medical_clinic,google_type,high,Health & Medical,Primary Care
c8a87519-b59a-431b-8335-7d7c18095bc7,JCPenney Optical,health,google_type,high,Health & Medical,Primary Care
e0e2d5f9-24ea-45b8-8584-77da2ceb957c,JL SKIN & BROWS,store,name_keyword,high,Health & Medical,Dermatology & Skin
da0ea854-66d1-43d7-a638-14d64cb33c00,Metro Tax & Financial Services Inc,consultant,name_keyword,med,Professional & Financial,Financial Advisors
881592f4-9f8a-43fc-a8f3-ebd074599ff2,FPS Medical Center,doctor,google_type,high,Health & Medical,Primary Care
a894887d-1b5d-4dd2-8f41-423cc53876ab,Lake Havasu Baptist Church,church,google_type,high,Community & Civic,Places of Worship
d3f19a4c-7076-41ac-a25e-8315a709febd,Craggy Wash BLM Land Camping,campground,google_type,high,Lodging,RV Parks & Campgrounds
f16701fa-1fa6-4d0b-afba-87f96b4b223a,Elk Ridge Community Health - Lake Havasu City,medical_clinic,google_type,high,Health & Medical,Primary Care
4a1e4cfa-a85f-4b84-9f38-995fa8d15409,Affordable Pest and Weed Control,service,name_keyword,high,Home & Property Services,Pest Control
14e80eca-5565-4606-9637-5c7baba6d544,Havasu Christian Church,church,google_type,high,Community & Civic,Places of Worship
b9903dd7-b3e6-422a-b7aa-91f2da99888a,Victory Chapel,church,google_type,high,Community & Civic,Places of Worship
8543c664-1a0d-4632-85d7-03237a0a54f0,Lake Havasu City Civic Center,business_center,google_type,high,Professional & Financial,"Print, Signs & Marketing"
024f1c06-fd47-4b1a-904e-8ab9f25ef59f,Congregation Beth Sholom,synagogue,google_type,high,Community & Civic,Places of Worship
6ea4bca2-3b2d-48ef-8995-f0e3886d29b1,First Baptist Church,church,google_type,high,Community & Civic,Places of Worship
1fc8c680-8058-4a29-9b51-557c83fff10b,Clean Team,service,name_keyword,med,Home & Property Services,Cleaning
6d6bba44-6de7-487d-b960-f2ca67d47122,Lake Havasu Church of the Nazarene,church,google_type,high,Community & Civic,Places of Worship
83dd7170-653a-4a7e-b0fe-36ed29c55518,Agape On The Streets,association_or_organization,google_type,high,Community & Civic,Nonprofits & Charities
90a1c4ab-35fe-4d05-996e-081c2d18cfa3,Brandi Litzkow: Primerica - Financial Services,consultant,name_keyword,med,Professional & Financial,Financial Advisors
29778144-5ba6-4190-8768-5293c789ee7e,Lake Havasu Campus Library,library,google_type,high,Community & Civic,Libraries
fd4f6653-c051-4428-9ff7-7307270d7bc5,Metro by T-Mobile,cell_phone_store,google_type,high,Shopping & Retail,Appliances & Electronics
cd56814f-d5f7-4d82-9417-69b1c864fbc4,Sunset & Soles Online Boutique,womens_clothing_store,google_type,high,Shopping & Retail,Clothing & Apparel
06ec9929-160b-4897-a8b1-a92e7387acee,Bling,clothing_store,google_type,high,Shopping & Retail,Clothing & Apparel
9e18b769-c2f1-4b59-ac1a-09c91cef7799,Affordable Hearing Care,medical_clinic,google_type,high,Health & Medical,Primary Care
415694d2-1551-44c0-bd7e-9f5eb11e181d,Cheetah Power Boats,,llm_keyword,low,On the Water,Boat & Watercraft Rentals
4f4db2af-0643-42e7-9023-928d29b001ec,LaFave Realty - Rick and Brenda LaFave,real_estate_agency,google_type,high,Professional & Financial,Real Estate
a00d5cc8-23f4-40b3-80a4-f270475f5731,Motorwerx LLC,car_repair,google_type,high,"Auto, RV & Marine",Auto Repair
b271afca-d5d1-4057-81ab-683dbccdd31b,Big O Tires,car_repair,google_type,high,"Auto, RV & Marine",Auto Repair
e0925c9f-852d-4a5d-b0c7-b243811ea238,Verizon,cell_phone_store,google_type,high,Shopping & Retail,Appliances & Electronics
6a55550a-631f-4103-b081-f8651bd654f5,SRS Building Products,building_materials_store,google_type,high,Shopping & Retail,Hardware & Home Improvement
9b7c419d-02f3-46ca-b781-2efd9d4e9b8f,Round Eyes Fireworks,store,llm_judgment,low,Shopping & Retail,Gifts & Boutiques
1aa3f910-69e3-409f-8f71-e45693369199,Verizon,cell_phone_store,google_type,high,Shopping & Retail,Appliances & Electronics
f205abb3-8713-40e6-becd-ca5947aef551,Golf USA,sporting_goods_store,google_type,high,Shopping & Retail,Sporting Goods
677278c3-3c1a-4964-b074-464c25cd6797,Famous Footwear,shoe_store,google_type,high,Shopping & Retail,Shoes
afd9002f-42cd-4e15-a0ee-379e714f351d,Jean Works - State Farm Insurance Agent,insurance_agency,google_type,high,Professional & Financial,Insurance
6634a341-68c8-43b0-85d8-2ac2ac7b9dde,Lakeside Speed and Shine,car_repair,google_type,high,"Auto, RV & Marine",Auto Repair
7c4a7875-ac86-478f-bb9e-c27d9da3710c,Jin's Massage,massage,google_type,high,Beauty & Personal Care,Day Spas & Massage
d901e583-47f5-42ef-b0a4-1066b59dd3d9,Wheeler Park,park,google_type,high,Outdoors & Recreation,Parks & Playgrounds
51a5d7e0-d658-4ecb-a43a-950104ad61e4,Sound Bank Electronics,electronics_store,google_type,high,Shopping & Retail,Appliances & Electronics
1823c344-0c14-4825-b4fe-54689d15697b,Semper Air LLC,general_contractor,google_type,high,Home & Property Services,General Contractors
df7d32e3-8107-49a9-b47e-e2e1b70866b0,Dollar General,discount_store,google_type,high,Shopping & Retail,Convenience
65023e05-fa4a-4443-b0d5-e76482c1c29a,Greg's Trimmings Services,service,llm_judgment,low,Home & Property Services,Landscaping & Lawn
5a96ce29-4713-4721-a6dd-9f5452d9e93e,Dollar General,discount_store,google_type,high,Shopping & Retail,Convenience
fd5d1939-84ca-4cab-8af4-172dc586b9fb,Havasu Balloon Festival Store,home_goods_store,google_type,high,Shopping & Retail,Furniture & Mattress
6b801990-c6e3-44d2-93f5-7b122c6d66fc,LHC Mail & Business Center,,google_categories,low,Shopping & Retail,Gifts & Boutiques
ed3649c2-8cbb-4f8f-bf02-11a70a5afe64,London Bridge Market,convenience_store,google_type,high,Shopping & Retail,Convenience
e6fdaa0e-1755-49a1-bbd4-af39263729cc,olive + ella,store,llm_judgment,low,Shopping & Retail,Clothing & Apparel
1e2eb42c-b5d6-4446-a27e-7bee140d97c0,Story Cannabis Dispensary Lake Havasu,store,llm_judgment,low,Shopping & Retail,"Smoke, Vape & Cannabis [NEW]"
105d325f-efd4-4b04-86e0-6fba986a3eeb,Lakeside Inn - Lake Havasu City,motel,google_type,high,Lodging,Hotels & Motels
f48bc634-9139-459f-92bb-d6c5f0a63ef5,Serrano's Nursery,farm,name_keyword,med,Family & Education,Preschools & Childcare
f0b21ef1-ffdc-4a22-aeb2-228aa1ea8ecb,Masonry and More Concrete,general_contractor,google_type,high,Home & Property Services,General Contractors
213fe763-ff50-484f-8287-66bd5562b679,Click IT Computers,service,llm_keyword,low,Professional & Financial,Computer & IT Repair
04fc1b1c-2410-463f-a86c-67848cc15247,Penney's Pampered Pawz,pet_care,llm_judgment,high,Pets,Grooming
1cceba5c-9d69-4bc6-a107-c6603f3475bf,"Frank's Trailer Repair, LLC",car_repair,google_type,high,"Auto, RV & Marine",Auto Repair
8da215c0-1246-48c6-b65c-178a796ddb47,Drop A Line Designs,gift_shop,google_type,high,Shopping & Retail,Gifts & Boutiques
2ec96cf5-c385-4a04-91ab-dd4b4b24807d,Office Express,store,llm_judgment,low,Shopping & Retail,Gifts & Boutiques
fe237141-741d-4869-b0c3-ffdf34e5b32c,A Mail Store & More,store,google_categories,low,Shopping & Retail,Gifts & Boutiques
ac860abe-d4ee-41b1-b8f6-ff157933df01,Garden Center at The Home Depot,garden_center,google_type,high,Shopping & Retail,Hardware & Home Improvement
f2d1ba4f-9358-4be1-ba51-08a315e6a1a6,Optimum,service,google_categories,low,Shopping & Retail,Appliances & Electronics
208799cf-5e90-428b-a29f-34513398b04b,Lake Havasu Museum of History & Havasu Rocks,history_museum,google_type,high,Things to Do & Attractions,Museums & Galleries
13f8e96e-49a6-40f6-a61f-10aa382af8a9,Lucre Clothing Brand,clothing_store,google_type,high,Shopping & Retail,Clothing & Apparel
b6a59fab-1b61-417c-9526-0f676386fb93,REDHAWK POOL SERVICE & REPAIR,service,name_keyword,med,"Auto, RV & Marine",Auto Repair
fb179a24-a0aa-457a-8e77-9a509dfc3bfd,Purple Leopard Boutique,clothing_store,google_type,high,Shopping & Retail,Clothing & Apparel
0f90aea9-ae74-4eba-8343-78c89039cd14,Aaron's Rent To Own,furniture_store,google_type,high,Shopping & Retail,Furniture & Mattress
3c52d607-59a4-4f58-9606-06512bd9cd1e,Great Clips,hair_salon,google_type,high,Beauty & Personal Care,Hair Salons & Barbers
8b70373e-0fa5-437b-8048-6b8d51c25485,JandJ Performance and Marine Service & Repair,service,provider_subcat,high,On the Water,Boat & Watercraft Rentals
5c9a2694-722e-430b-a48e-d4fba870bbae,Kiowa Drive Thru,convenience_store,google_type,high,Shopping & Retail,Convenience
cf2aaa2f-2abb-4c5f-bf35-d8ac9135f455,Safeway Liquor,liquor_store,google_type,high,Shopping & Retail,Specialty Food
50cc0fd9-254a-4625-9a6b-0617cd8400c0,"Melinda Silk, Attorney at Law",lawyer,google_type,high,Professional & Financial,Attorneys
e2f58802-c4bf-4150-895a-7b00ab0e4f0a,River's Edge Golf Course,,name_keyword,med,Outdoors & Recreation,Golf Courses
45abb5de-6e7d-4801-819e-a6687478a9ca,Chevron Lake Havasu City,gas_station,google_type,high,"Auto, RV & Marine",Gas Stations
5d7b1ba8-9a62-46f3-ad3d-f27667bf9419,Lady Di's Florist,florist,google_type,high,Shopping & Retail,Florists
9f084534-9a5d-4d5e-a9d8-14d56052a895,"Downtown LUX Retreat | Pool+Spa, Mini Golf, Games",lodging,google_type,high,Lodging,Hotels & Motels
5ccec371-e5f7-40f7-98c8-e4b3675983e6,Wells Fargo Advisors,finance,google_type,high,Professional & Financial,Financial Advisors
d2f33cf9-53f5-4aa8-aa60-f12e7c4ae150,Lake Havasu Performing Arts Center & Little Theater,,name_keyword,med,Family & Education,Preschools & Childcare
cc4db522-4437-4642-b552-abcfb4bb87d9,Stanley Steemer,laundry,llm_judgment,low,Home & Property Services,Cleaning
26c1e089-3846-4bf1-8db1-e1a61f98c913,Dollar General,discount_store,google_type,high,Shopping & Retail,Convenience
47a01ab7-d655-4197-8ce9-7588d3572b87,Huukan Golf Club,,name_keyword,med,Outdoors & Recreation,Golf Courses
1e9f0313-cbc8-41b4-8cdc-7091a4dd024e,Lake Havasu Performing Arts Center & Little Theater,,name_keyword,med,Family & Education,Preschools & Childcare
d95a5071-5526-41c2-96b9-9f18e5b18e91,Glitz Salon And Boutique,clothing_store,google_type,high,Shopping & Retail,Clothing & Apparel
3bd3ea6d-bfb3-4af8-af5a-7708485d7ff2,Lake Havasu Marine Association Designated Operator Program,,provider_subcat,high,On the Water,Boat & Watercraft Rentals
55fcff9c-89bf-4f09-a308-a2a57221d8c8,Lake Havasu Real Estate,consultant,name_keyword,high,Professional & Financial,Real Estate
13205a9d-a998-4938-93b8-1d610d939464,Mohave Electric,electrician,google_type,high,Home & Property Services,Electrical
6070f38a-2c7e-472e-bc04-5f9d4371ec80,AAA Affordable Air Conditioning LLC,general_contractor,google_type,high,Home & Property Services,General Contractors
a1eee12e-4f03-4e0a-9f46-48a692da327b,Max Mini Mart,convenience_store,google_type,high,Shopping & Retail,Convenience
91b047f6-6504-4f8d-b46e-5bbeb6c3f358,La Vita Dolce | Italian Bistro and Lounge,italian_restaurant,google_type,high,Eat & Drink,Restaurants
e095bb4c-0868-4726-8f22-35b239b1084b,Randy’s Hilltop Beer and Wine,liquor_store,google_type,high,Shopping & Retail,Specialty Food
a615a3be-36ed-4208-94f9-e8ba0752e823,Apple Valley Communications Alarms & Systems,supplier,google_categories,low,Shopping & Retail,Appliances & Electronics
bca905d9-d4ff-4cc0-946c-95f495bb48a2,Outdoor Enthusiasts,,llm_judgment,low,Outdoors & Recreation,Hiking Trails
8c8eaecc-68d3-428f-9b81-e4ec513e04c1,Peak Rejuvenation Med Spa & Surgery,spa,google_type,high,Beauty & Personal Care,Day Spas & Massage
9fd1a286-a535-4149-8ede-fcef4bd4736b,Discount Tire,tire_shop,google_type,high,"Auto, RV & Marine",Tires
45b717d1-2832-4b6f-aac0-1d3906d5ee93,Discount Moving,moving_company,google_type,high,Home & Property Services,Movers
afbaa47a-ad7f-4c56-89ac-3e916dc37b87,Montana's,restaurant,google_type,high,Eat & Drink,Restaurants
2e863430-2c1d-4223-a580-99c9d4069a4e,Herb's Herbs,health_food_store,google_type,high,Shopping & Retail,Specialty Food
50003ab7-8960-41db-8352-e56b34335d03,City Maytag,home_goods_store,google_type,high,Shopping & Retail,Furniture & Mattress
7c426811-f82b-4f11-83e1-a5fc83214be6,Lake Havasu Farmers Market,farmers_market,google_type,high,Shopping & Retail,Grocery & Markets
3add05f9-028a-4328-aeaa-48cc015b5d6a,Copper Basin Dunes OHV Area,,provider_subcat,high,Outdoors & Recreation,Parks & Playgrounds
b847af5b-3566-4f5c-82c2-047d0be15103,Bison Falls Offroad Trail,,provider_subcat,high,Outdoors & Recreation,Parks & Playgrounds
d836e91a-9dcc-4956-a854-1cef3f04dcce,Hoover Dam,,llm_judgment,low,Things to Do & Attractions,Landmarks & Sights
e606f3d9-8c92-4f81-8821-a1dce7940c4c,Skier's Island,,provider_subcat,high,On the Water,Boat & Watercraft Rentals
cd620313-6630-4157-9259-cda323927736,Ofd Racing,race_course,google_type,high,Outdoors & Recreation,Off-Road & OHV
86e2eab4-83e8-430d-912e-f5bc6273a3be,Mission Accomplished Heating and Cooling,general_contractor,google_type,high,Home & Property Services,General Contractors
f8ef00d3-8d06-4b92-b007-de91faac392b,"Bobby Farah Awadalla, MD",doctor,google_type,high,Health & Medical,Primary Care
32bc12a2-1412-413d-8354-a843e5579a60,Copper Canyon,,provider_subcat,high,On the Water,Boat & Watercraft Rentals
1edc3758-2877-446b-81ad-371c79e920a1,Big 5 Sporting Goods,sporting_goods_store,google_type,high,Shopping & Retail,Sporting Goods
8712d997-8642-40fe-8b46-f5f7882ef29f,Bass Tackle Master,sporting_goods_store,google_type,high,Shopping & Retail,Sporting Goods
c01f18a9-9911-4767-85a3-3da27ad7a87f,"Mary Ann Widman, NP",health,google_type,high,Health & Medical,Primary Care
b41c6e6a-a43f-466d-a77b-cda9116221b4,Balance Rock,,provider_subcat,high,On the Water,Boat & Watercraft Rentals
7a05f20e-a98f-4e52-9a71-ffeda3110881,Ray Stephens Racing,hardware_store,google_type,high,Shopping & Retail,Hardware & Home Improvement
abea52e5-0b72-4c48-a24e-15efcad4ecbe,Air conditioning contractor,general_contractor,google_type,high,Home & Property Services,General Contractors
f1ec43db-1ba4-4e84-8067-2e2ede88f8d3,RPM Detail,,provider_subcat,high,On the Water,Boat & Watercraft Rentals
c60f0a79-0fd2-43bc-9e07-43a66e26be72,Gems 3 Assisted Living,service,name_keyword,high,Health & Medical,Senior Care & Assisted Living
fe73b229-329b-4c77-965c-4b676c6dd988,Dental Pain Clinic,dentist,google_type,high,Health & Medical,Dentists & Orthodontists
e1b9475e-06f1-4096-8fdc-c6569c850042,BlueWater Resort & Casino,,name_keyword,high,On the Water,Boat Tours & Charters
8d78b0a9-b5bd-423a-907a-2ae29a3ed1f2,Arizona Dental Sleep Therapy,dentist,google_type,high,Health & Medical,Dentists & Orthodontists
6fe84f04-9458-4213-9fd0-4f324063ab65,DYNAMITE ROOFING LLC,roofing_contractor,google_type,high,Home & Property Services,Roofing
3a490cfb-c5fb-48b2-889d-bc804088dc72,Pit Stop Deli,deli,google_type,high,Eat & Drink,Restaurants
f8bff155-4777-4890-9b75-0ed2d0012333,Oatman,,llm_judgment,low,Things to Do & Attractions,Landmarks & Sights
ea01bc18-9d0d-4919-a87c-a48d897675cf,Topock Maze (Mystic Maze),,llm_judgment,low,Things to Do & Attractions,Landmarks & Sights
0450c3d8-af2a-4877-905b-9d25edb143f7,Cerbat Cliffs Golf Course,,name_keyword,med,Outdoors & Recreation,Golf Courses
11e87331-3c69-40f0-a6e4-a252787fa575,Lamb of God Lutheran Church,church,google_type,high,Community & Civic,Places of Worship
e5496161-db64-4677-ae66-cdb289d5fd51,Caley Nursery,farm,name_keyword,med,Family & Education,Preschools & Childcare
e0eb1ad8-cac0-49e9-96af-d284c213f900,Hualapai Mountains,,llm_judgment,low,Outdoors & Recreation,Hiking Trails
b2ce352a-82f0-47a5-ad8f-9d0a4a4f1da6,Chevron,gas_station,google_type,high,"Auto, RV & Marine",Gas Stations
502d35a3-a495-4e83-a995-43e08ef1fed2,Havasu Lanes,,llm_judgment,low,Things to Do & Attractions,Family Fun & Arcades
c171082f-4b47-4a8e-980b-a710c407e912,Germaine Marine,supplier,llm_keyword,low,On the Water,Boat & Watercraft Rentals
9f0ae956-c3c9-4a55-809b-c1d223a17196,HiveMind Tattoo,store,name_keyword,high,Beauty & Personal Care,Tattoo & Piercing
6e651a22-74e9-4353-977e-2932401e24c4,HUB Transportation,insurance_agency,google_type,high,Professional & Financial,Insurance
d2acde2c-3558-4d1d-8177-69cd7fa62343,Havasu Shuttle Service LLC,,llm_judgment,low,"Auto, RV & Marine",Shuttles & Transportation [NEW]
ee8e9851-6cc1-407e-b8e7-770d95d7358e,Havasu Lanes,,llm_judgment,low,Things to Do & Attractions,Family Fun & Arcades
18bd5f6f-3d5c-475a-aa3c-5e2b005c3cc3,Hangar 24 Taproom & Restaurant,,provider_subcat,high,Eat & Drink,Restaurants
4c3b9cf7-9b4e-49d8-b211-2e4cb202d165,The Human Bean - Palo Verde Blvd N,,provider_subcat,high,Eat & Drink,Restaurants
f2277540-0374-4877-bae9-7fd632684e13,Food City Pharmacy,pharmacy,google_type,high,Health & Medical,Pharmacies
8fe1091f-e504-4b9b-82a0-f56d2d725f96,Havasu Springs Resort,,provider_subcat,high,Lodging,Hotels & Motels
dd76ff1b-bfe6-4115-8a50-90f0ddc1c9c6,Wild Coffee,,provider_subcat,high,Eat & Drink,Restaurants
5d2552c3-f96a-4150-8896-560369c8f069,Sunny Stop Mini Mart,convenience_store,google_type,high,Shopping & Retail,Convenience
be87f1ea-f66b-48fa-ad51-8107904b848b,Express Getaway,,provider_subcat,high,Lodging,Hotels & Motels
0c6b664c-72ac-45ef-9f42-40708b5f7b94,Midtown Smoke & Vape LLC,store,llm_judgment,low,Shopping & Retail,"Smoke, Vape & Cannabis [NEW]"
50e8d982-1810-4877-b478-7b1b9c8cfe1e,Empty Spaces Vacation Rental Management,,provider_subcat,high,Lodging,Hotels & Motels
c2bc1af6-4f62-468e-b181-9ee83a5b3115,Sunshine RV,car_dealer,google_type,high,"Auto, RV & Marine",Car Dealerships
8249de1b-7d39-404e-8503-89a864545825,Lake Havasu Community Garden,garden,google_type,high,Outdoors & Recreation,Parks & Playgrounds
c91b59f9-666f-4e60-8bdb-285cebf661fb,Havasu RV Resort,rv_park,google_type,high,Lodging,RV Parks & Campgrounds
c415c33d-29fb-4125-b2c6-e56d2a7e427a,Scuba Training & Technology,,provider_subcat,high,On the Water,Boat & Watercraft Rentals
26e5d501-bc59-41d9-883c-951fe09fe8ce,Paradise Wild Wave Rentals,,provider_subcat,high,On the Water,Boat & Watercraft Rentals
3611cd17-16ba-4b2d-8e2a-2819726fb466,First Aid For Families,medical_clinic,google_type,high,Health & Medical,Primary Care
434ea3b3-bea5-4150-bd91-8bf023ee212a,Havasu Bike and Fitness,,name_keyword,high,Fitness & Wellness,Gyms & Fitness Centers
85dbd4ff-aeff-49ef-a4b6-6fae0c1481a4,Consign & Design Showplace,store,llm_judgment,low,Shopping & Retail,Thrift & Consignment
36c5514f-f2dc-443e-b8f6-b2c9f3f2ae6c,Sam's Beachcomber Resort,,provider_subcat,high,Lodging,Hotels & Motels
e86a8d45-aabd-4fcb-8f72-9f84a221896f,Holiday Inn Express & Suites Lake Havasu - London Bridge,,provider_subcat,high,Lodging,Hotels & Motels
ae541bc1-43fb-4023-9b2e-52bffe741153,Tux and Tulips,florist,google_type,high,Shopping & Retail,Florists
dc83701f-6786-40a9-94fc-ec4aa2f44fb5,"Vertical IT Solutions, Inc.",service,llm_keyword,low,Professional & Financial,Computer & IT Repair
6ab4459d-136b-4a62-892a-012f7511d1c1,"Dr. Jack C. Fredrickson, DDS",dentist,google_type,high,Health & Medical,Dentists & Orthodontists
c047a0fc-5913-4ee1-b40f-48dc9df3e2ba,"Havasu Realty, Inc.",,provider_subcat,high,Lodging,Hotels & Motels
971b3b0f-b5a0-4067-9df7-cac3f96c905e,Islander Resort Lake Havasu,,provider_subcat,high,Lodging,Hotels & Motels
388862a1-2b70-446b-bb67-25157dc5fecc,Hello Darlin' Boutique LLC,womens_clothing_store,google_type,high,Shopping & Retail,Clothing & Apparel
028fa2a3-9238-4124-b032-fb19d28699e1,Cardiac Rehab Unit,medical_clinic,google_type,high,Health & Medical,Primary Care
6e9278cd-adf5-4054-a78f-2e4ef24da81d,Revival Hair Design,beauty_salon,google_type,high,Beauty & Personal Care,Hair Salons & Barbers
55e30c80-697b-4070-be67-790faf69fb9b,Lake Havasu Retreat Pool Spa Firepit Game Room RV Hookups WOW!,lodging,google_type,high,Lodging,Hotels & Motels
4e1d4b7a-5b3e-48e7-8323-d2a173caa1b0,"Integrity Arizona Real Estate Sales, LLC",,provider_subcat,high,Lodging,Hotels & Motels
de4247b6-1a01-4d99-8896-c3582c25b78d,Destination Havasu,,llm_judgment,low,Lodging,Vacation Rental — PARK [C]
3b38578e-b293-4a0a-be5d-267952d276ae,Lake Havasu Vacation Rentals & Sales,,provider_subcat,high,Lodging,Hotels & Motels
b8216872-c3da-4555-a2a8-9e789827548d,Michael Alan Furniture Outlet,furniture_store,google_type,high,Shopping & Retail,Furniture & Mattress
ea7b418b-a73e-48d2-8fa6-3614869d4bed,Desert Resort Properties,,provider_subcat,high,Lodging,Hotels & Motels
3d0f1bb3-f2bc-44c1-b338-e7046793084d,"First Class RV & Marine, Sales, Mobile Service, Parts",car_dealer,google_type,high,"Auto, RV & Marine",Car Dealerships
3aeb40d6-4961-41d7-a95c-f8357a07bef4,Lake Havasu Family Eyecare,medical_clinic,google_type,high,Health & Medical,Primary Care
f4377453-094a-4cc4-bb79-41935cd1b200,"The Horton Team - Kristina Horton, Lake Havasu City Realtor",real_estate_agency,google_type,high,Professional & Financial,Real Estate
274f61bd-37d7-4286-9bfa-d45b098bb376,Studio 6 Suites,,provider_subcat,high,Lodging,Hotels & Motels
044b02fd-3a96-4717-9537-e2b0e1008104,Geary Pacific Supply,manufacturer,name_keyword,med,Shopping & Retail,Hardware & Home Improvement
5edf45e2-bca6-43b1-a8fe-57d053fd5b7a,"Lake Havasu Retreat with Pool, Spa and Lake Views!",lodging,google_type,high,Lodging,Hotels & Motels
cf8a8481-aacf-464a-891b-8afb03a2cc0a,We Be Pop'n Gourmet Popcorn & More,food_store,google_type,high,Shopping & Retail,Specialty Food
758b8a40-6dec-4be2-85b1-b0202e4339cf,Days Inn,,provider_subcat,high,Lodging,Hotels & Motels
28f90da7-c392-45d2-9ab3-f86b08090d17,Define Boutique,clothing_store,google_type,high,Shopping & Retail,Clothing & Apparel
28254494-a184-4442-9b68-ebb9debba781,HAVASU RENTALS,service,provider_subcat,high,On the Water,Boat & Watercraft Rentals
a3cb3fe1-089c-4ca1-a8b1-ede97ed148fb,Johnson-Manley Havasu Lumber,building_materials_store,google_type,high,Shopping & Retail,Hardware & Home Improvement
42ec785e-9dc5-4508-877a-c102cbfbc963,Dr. Chronics Concentrates & Vapes (24/7 Delivery),store,llm_judgment,low,Shopping & Retail,"Smoke, Vape & Cannabis [NEW]"
b36234b5-104a-42db-b443-29493bf3f6cc,Forget Me Nots Exquisite Gifts & Treasures,gift_shop,google_type,high,Shopping & Retail,Gifts & Boutiques
b46c5b1e-0425-4992-af62-cbd31d00534a,Southwest Outfitters,sporting_goods_store,google_type,high,Shopping & Retail,Sporting Goods
d45e37a9-0f66-4308-82b5-1dace706ec03,Tigers Eye Tattoo,store,name_keyword,high,Beauty & Personal Care,Tattoo & Piercing
2a7ebd10-68fe-4ac0-b561-f30a3bf801e1,The Springs Dining at Havasu Springs Resort,,provider_subcat,high,Eat & Drink,Restaurants
45f984d8-9843-4bb1-aa1f-7d37be4b7c54,Desert Martini Too,,provider_subcat,high,Eat & Drink,Restaurants
ed5e66b1-d2c0-4467-9d27-6921722c4aa4,RAXX,clothing_store,google_type,high,Shopping & Retail,Clothing & Apparel
559a32dc-993b-43cb-8dfd-f5b0b5b82304,Sunrise Aesthetics & Wellness,spa,google_type,high,Beauty & Personal Care,Day Spas & Massage
b3d291b4-0b7c-4a5e-a864-c1d5347ce96d,Beautiful Beards Boutique,store,name_keyword,med,Shopping & Retail,Clothing & Apparel
2276c595-08f5-427f-aa0e-ea4a2ab722c8,Apothecary Shop,pharmacy,google_type,high,Health & Medical,Pharmacies
74cc983f-f1d8-41a8-9337-d52661596923,Just 4 Fun Powersports,supplier,llm_judgment,low,"Auto, RV & Marine",Powersports & ATV
cf497440-a47d-4a62-9b89-6af47679d430,Ethereal Beauty Bar,beauty_salon,google_type,high,Beauty & Personal Care,Hair Salons & Barbers
f9d90bec-0e4c-4ad3-88d1-fb0faf536525,Bad Miguel's,,provider_subcat,high,Eat & Drink,Restaurants
b01db653-737b-4769-96f9-16f931c0aeef,Dairy Queen,,provider_subcat,high,Eat & Drink,Restaurants
41767efe-f44f-4926-8518-ec77f3459973,Denny's,,provider_subcat,high,Eat & Drink,Restaurants
e95a5b3e-a9fd-4246-b585-5653bf33e09f,Sanchez Hawkins Fine Jewelers,jewelry_store,google_type,high,Shopping & Retail,Jewelry
726ad67c-78ed-4115-a166-3541eccef4d4,Blue Water Jet Boat Tours,,provider_subcat,high,On the Water,Boat & Watercraft Rentals
80d3d460-7885-4bfe-a07b-e6638c558aaa,Just Money Motorsports,sporting_goods_store,google_type,high,Shopping & Retail,Sporting Goods
d1c01f4d-fd53-4003-bdde-6e2de50a0122,Bridgewater Channel,,provider_subcat,high,On the Water,Boat & Watercraft Rentals
e30a1ebe-c8f4-4926-8028-d643844a662b,Lovedwell Creative,service,google_categories,low,Shopping & Retail,Florists
640ee6d0-f53b-4bec-8b6f-c147f6ae2c00,Wanderlust Balloons,,llm_judgment,low,Things to Do & Attractions,Tours & Sightseeing
cded2f9d-fae6-4399-9066-f98f27a29387,Barley Brothers Brewery,brewpub,google_type,high,Eat & Drink,Bars & Breweries
a4840479-abc9-4159-90d4-b56c1989b161,Legacy Estate Planning Solutions,lawyer,google_type,high,Professional & Financial,Attorneys
ed90d995-27c5-4637-8801-1a71864a09ca,Dennis's Quality Plumbing,plumber,google_type,high,Home & Property Services,Plumbing
0cf21151-c2d7-42b7-b009-8e0e007e1b58,Community Medical Services,health,google_type,high,Health & Medical,Primary Care
8a102ce3-43e9-4a27-8f63-4e1e53b5dc61,The Toy Syndicate,store,llm_judgment,low,Shopping & Retail,Gifts & Boutiques
54462d6b-6b1a-4452-bcb8-02d7035bb7af,Phoenix BestPrice Solar,service,name_keyword,high,Home & Property Services,Solar
f2ed9091-1b93-4a30-8622-faa1ecd17714,New Horizons Center,non_profit_organization,google_type,high,Community & Civic,Nonprofits & Charities
9f9b1dd2-8e6b-4e64-826e-7abe47bfd2d5,Edge General Contracting,general_contractor,google_type,high,Home & Property Services,General Contractors
ca84a023-0895-4c9b-8b7b-08452874c3d1,Paramount Roofing,roofing_contractor,google_type,high,Home & Property Services,Roofing
5628c7cd-23e1-4bfa-ba86-18a01be52bb9,Car Wash,car_wash,google_type,high,"Auto, RV & Marine",Car Wash
1352f95a-cb75-47fb-ab2c-e4f260b7c4bd,Embody Wellness Chiropractic Center,chiropractor,google_type,high,Health & Medical,Chiropractic
0c88d656-9a0d-45f8-94a1-f8677391797e,Friendly Island,,provider_subcat,high,On the Water,Boat & Watercraft Rentals
db357e93-1c8b-4653-a7f5-fdc7189cc55a,BRB Market,convenience_store,google_type,high,Shopping & Retail,Convenience
8964fffd-d8bc-4440-aba4-1ed011738fff,Colorado River Insurance,insurance_agency,google_type,high,Professional & Financial,Insurance
43f1b6cf-7a5f-4cd3-93bf-7fe0c8793152,Booby Falls Restaurant & Rodeo,american_restaurant,google_type,high,Eat & Drink,Restaurants
b6cfe900-4af7-432c-bba3-9e4bf3130d58,London Bridge RV & Truck Accessories,car_repair,google_type,high,"Auto, RV & Marine",Auto Repair
db3635c7-92b9-413f-9675-b7ebb7b04a3f,Lions Dog Park @ London Bridge Beach,,name_keyword,med,On the Water,Beaches & Swim Areas
557ec28b-0b7e-47f7-9a5b-275b4da44804,Lions Dog Park @ London Bridge Beach,,name_keyword,med,On the Water,Beaches & Swim Areas
a094f4a4-182a-4732-bd6d-550b889eb674,Sweet Creations,bakery,google_type,high,Eat & Drink,Bakeries & Desserts
e86671d2-f757-4256-a040-363865912925,Circle K,convenience_store,google_type,high,Shopping & Retail,Convenience
792be3b5-699e-4d44-ad74-3a74c28c61ec,Mockingbird Wash Trail,,provider_subcat,high,Outdoors & Recreation,Parks & Playgrounds
eeaa18bc-fe60-40c0-b640-2bf25307e888,Shoreline Trail,,provider_subcat,high,Outdoors & Recreation,Parks & Playgrounds
cb07081b-957c-4e06-87f6-c588d73194bc,A Natural Massage & Day Spa,massage,google_type,high,Beauty & Personal Care,Day Spas & Massage
55ad3db7-af72-4ae6-abce-130796c0e062,Cupcake Mountain Trail,,provider_subcat,high,Outdoors & Recreation,Parks & Playgrounds
1c30c446-0947-4f5d-b800-c8cb123fad8d,Walgreens,drugstore,google_type,high,Health & Medical,Pharmacies
f3e91dae-26d1-4198-8d39-448cd1a02d94,Havasu National Wildlife Refuge,,provider_subcat,high,Outdoors & Recreation,Parks & Playgrounds
94c8eb7d-7bc7-479f-8aad-5b46a671ddda,Mesquite Primary Care,medical_clinic,google_type,high,Health & Medical,Primary Care
cbca2741-ac32-43a7-8523-9e54c8b994bc,Schiller Law Accident Lawyers,lawyer,google_type,high,Professional & Financial,Attorneys
da6e2523-7ee0-47ec-b1f3-7e8cdfbd8eea,Lizard Peak Trail (Picnic Table Mountain Trail),,name_keyword,med,Outdoors & Recreation,Hiking Trails
1fdbdaa1-4fb5-498b-a09a-1babcd736eb7,Cupcake Mountain Trail,,name_keyword,med,Outdoors & Recreation,Hiking Trails
2949297c-f788-4271-bd45-97d4361d05b3,Crack in the Mountain Trail,,provider_subcat,high,Outdoors & Recreation,Parks & Playgrounds
a9612a12-747b-4e51-8ac9-f4eb7f70f273,Realty Foremost,real_estate_agency,google_type,high,Professional & Financial,Real Estate
bf9cf856-361b-4ea8-b952-40c39497b370,Expressions Home Lighting,home_improvement_store,google_type,high,Shopping & Retail,Hardware & Home Improvement
7ff500af-d1f2-4032-9033-c6c0513b32a6,Arch Rock Loop Trail,,provider_subcat,high,Outdoors & Recreation,Parks & Playgrounds
342cfbf0-22fc-4390-9aa8-94fbca106e20,Roxy’s Beach Bar & Cafe,breakfast_restaurant,provider_subcat,high,Eat & Drink,Restaurants
31e9fd3d-e8e7-408f-a048-9f096244e398,Mr Lucky's Billiards,sports_complex,google_type,high,Outdoors & Recreation,Parks & Playgrounds
b6680477-6f7c-4321-8f66-84101402d01e,Crack in the Mountain Trail,,name_keyword,med,Outdoors & Recreation,Hiking Trails
9683dad8-2c97-4323-ba0b-8fc0ed8dcae3,Chemehuevi Wash Trail,,provider_subcat,high,Outdoors & Recreation,Parks & Playgrounds
1f832462-2661-4f00-b7e2-06e4e6b4645c,Island Trail,,provider_subcat,high,Outdoors & Recreation,Parks & Playgrounds
c04eade0-6fac-4e80-8655-e32c13f71208,Avalon Park,park,google_type,high,Outdoors & Recreation,Parks & Playgrounds
2411adc2-efd9-426f-b584-38f625aced4b,Env Salon,beauty_salon,google_type,high,Beauty & Personal Care,Hair Salons & Barbers
28124c89-272c-41af-aab0-24ef05ac5851,WM Auto & Marine mobile mechanic,car_repair,google_type,high,"Auto, RV & Marine",Auto Repair
e9c601a0-0dd5-4030-b43f-fdd87d21f42c,Locos Bar and Cocina - Swanson,mexican_restaurant,google_type,high,Eat & Drink,Restaurants
9a854e58-5afa-4054-bb6a-310a3ecd4ed5,"Lake Havasu City House with Fire Pit, Pool and Spa!",lodging,google_type,high,Lodging,Hotels & Motels
b75c06e6-95bf-4b3e-b4f7-3c1fc43ae6dd,Bullseye Auto Glass & Chip Repair,car_repair,google_type,high,"Auto, RV & Marine",Auto Repair
4562bc6d-23df-4641-a7fe-1a604b0cc2d3,Electric Co of Havasu,electrician,google_type,high,Home & Property Services,Electrical
9e1e25a6-2c61-470e-a485-5853c69d3bfc,Full Arch Dental Implant Center,health,google_type,high,Health & Medical,Primary Care
795a7d1a-ab54-4025-b9a7-26c6cdc5c143,ELSLakeHavasu,church,google_type,high,Community & Civic,Places of Worship
46e66164-662d-4c4a-ad49-57f2b882dc40,Rotary Community Park,,name_keyword,med,Outdoors & Recreation,Parks & Playgrounds
a0fabc1c-3f11-4ba4-a69a-43a7afd62569,"NFP, an Aon company",insurance_agency,google_type,high,Professional & Financial,Insurance
bb07dbb2-dd1e-4918-8165-2081b98afd8f,"Rahnema Law, PLLC (Probate and Trust Administration)",consultant,google_categories,low,Professional & Financial,Attorneys
6a656b90-5b7f-4cc5-bd14-33c1026da627,London Bridge Beach,,name_keyword,med,On the Water,Beaches & Swim Areas
555272ce-f446-4231-9007-73018b07693e,Pink Closet Boutique,clothing_store,google_type,high,Shopping & Retail,Clothing & Apparel
d20848bf-3136-4f9a-a874-6710177b59b5,The Bunker Bar,,provider_subcat,high,Eat & Drink,Restaurants
e711c87e-ea5c-40a0-abb8-a5c59e8b719f,Desert Storm Headquarters,event_venue,google_type,high,Things to Do & Attractions,Family Fun & Arcades
1b051a3a-e88c-4300-a3eb-4c5802872452,Boat Storage of Lake Havasu,storage,google_type,high,Home & Property Services,Self-Storage
c17cb99f-aa31-4485-80dc-54ace66abe1b,Richards Nygren Insurance,insurance_agency,google_type,high,Professional & Financial,Insurance
9e1b59fa-45df-48c3-ba3b-8d7e10348977,Pittstop Watersports,service,provider_subcat,high,On the Water,Boat & Watercraft Rentals
70ffda35-501a-4d93-8756-40c6c4272915,Carys Carpets,building_materials_store,google_type,high,Shopping & Retail,Hardware & Home Improvement
e04853b8-3172-4e9f-ad24-54524649dc74,Tortuga Boat Rentals Havasu,service,provider_subcat,high,On the Water,Boat & Watercraft Rentals
f58959a4-7c84-4691-8e44-dfb140b70389,Ru Art Gallery and Boutique,clothing_store,google_type,high,Shopping & Retail,Clothing & Apparel
4a28ad20-ebe2-4d36-88a8-99848c99a242,"Mirta I. Kaperonis, LCSW",health,google_type,high,Health & Medical,Primary Care
929a743e-a1ca-4254-b78e-da068790fd25,ShopWildThings,storage,google_type,high,Home & Property Services,Self-Storage
eab0a999-2295-4125-b444-8b562772d2f5,ToyBox Storage,storage,google_type,high,Home & Property Services,Self-Storage
8a3937f9-76bb-4453-951c-4f1092d5f6f3,Specialty Associates - Gastroenterology,doctor,google_type,high,Health & Medical,Primary Care
1cffc5e9-aa7f-4965-ba80-5e649e5d8897,Dr. Violet Nelson Dental,dentist,google_type,high,Health & Medical,Dentists & Orthodontists
debb31f1-eb3c-4a1b-839c-edb01d9f2197,Havasu Lakeside Fun,service,provider_subcat,high,On the Water,Boat & Watercraft Rentals
a59ad143-6231-4a8a-b9e2-3c74bb84945a,Havasu Superior Storage,storage,google_type,high,Home & Property Services,Self-Storage
e145b28e-6f99-41e0-a2b9-b50325c14a58,Parks & Recreation Department,sports_activity_location,google_type,high,Outdoors & Recreation,Parks & Playgrounds
8f6e1859-e7c7-4438-bd86-653daa553482,Maxed Out Marine,supplier,llm_keyword,low,On the Water,Boat & Watercraft Rentals
9ac16964-d6e5-4971-b861-7e47a26756af,Havasu Primary Care,medical_clinic,google_type,high,Health & Medical,Primary Care
b6c3a48a-7383-4db4-98a0-11513551a4dd,Farmers Insurance - Anthony Oskolkoff,service,name_keyword,high,Professional & Financial,Insurance
e720ba59-608c-4289-a73a-fee49d56d602,Little Caesars Pizza,pizza_restaurant,google_type,high,Eat & Drink,Restaurants
a99607a7-2fd0-45e7-863a-c6d53c0225b5,HC Open Storage,storage,google_type,high,Home & Property Services,Self-Storage
3cb98b77-eb68-4de4-98a6-aca0deb68dd3,Flowers Assisted Living,health,google_type,high,Health & Medical,Primary Care
57d5b33f-20df-4883-968c-c6577a737e63,Alpha auto design,car_repair,google_type,high,"Auto, RV & Marine",Auto Repair
9fb222bf-bdcd-4b7d-856b-3112d8c59ac3,Mc Culloch Mini Storage,storage,google_type,high,Home & Property Services,Self-Storage
22a0281e-c01d-4d39-a8a2-50a2826ae875,The Home Depot,home_improvement_store,google_type,high,Shopping & Retail,Hardware & Home Improvement
c24e6e45-a8ae-433f-88db-bdbb6c97f6d2,Northwestern Mutual,consultant,google_categories,low,Professional & Financial,Insurance
07a61ffd-f93d-4950-9a35-4783fffbd261,Outdoor Enthusiasts,,llm_judgment,low,Outdoors & Recreation,Hiking Trails
16455ad2-898f-4f2f-82c5-c09a9d2405b7,Havasu Olive & Garlic Co,grocery_store,google_type,high,Shopping & Retail,Grocery & Markets
648dac6d-e9fd-4c42-8e4c-987b05097186,Fidelity National Title Agency- Lake Havasu,insurance_agency,google_type,high,Professional & Financial,Insurance
96919d89-15b5-456e-9f66-deca770afc4a,Widman Mary A,doctor,google_type,high,Health & Medical,Primary Care
b5c0660f-ce58-41bc-be47-59428c38f384,"Mohave Mental Health Clinic, Inc",medical_clinic,google_type,high,Health & Medical,Primary Care
c56142cb-82e9-4d8d-bf85-8e712ca4692e,Seville Builders Inc,general_contractor,google_type,high,Home & Property Services,General Contractors
408014e1-ec78-479e-890d-3c82dfdbc872,Mudshark Brewery and Public House,brewery,google_type,high,Eat & Drink,Bars & Breweries
5bac9035-43a2-4806-b1d8-ae6edc5d4a7b,Chalk Cliffs,,provider_subcat,high,On the Water,Boat & Watercraft Rentals
9870240b-030d-4052-9b29-cfe4774158a6,Farmers Insurance - Daniel Miller,service,name_keyword,high,Professional & Financial,Insurance
15b28d44-422b-405a-9a51-486e0dfc3c14,Picture Rock,,provider_subcat,high,On the Water,Boat & Watercraft Rentals
cb03a81f-abdb-474b-bbfc-8729efb6af40,Havasu RoadRunner Boat Rentals,service,provider_subcat,high,On the Water,Boat & Watercraft Rentals
775cd6db-c1dd-4cd8-af62-97848df91408,M1 Financial,insurance_agency,google_type,high,Professional & Financial,Insurance
d694ac72-028b-4c24-9326-300dbbb7b792,Noronha Shirley C MD,doctor,google_type,high,Health & Medical,Primary Care
dc2aaf20-7b2c-492e-a6af-d971b4a7ad8e,Adventure Vacation Rentals,,provider_subcat,high,Lodging,Hotels & Motels
1c5dc3d7-d01a-4976-accd-97dac3cfa29c,crystal green landscaping,general_contractor,google_type,high,Home & Property Services,General Contractors
02b3c068-87c6-43dc-8dda-0604a013ae9b,"Styles, AZ",clothing_store,google_type,high,Shopping & Retail,Clothing & Apparel
08062b6a-720b-42dd-9fc2-61c02c26379b,Anytime Fitness,gym,google_type,high,Fitness & Wellness,Gyms & Fitness Centers
18d3e723-6d65-433f-b0e3-bc3d8e20bb9e,Anderson AZ West,supplier,llm_judgment,low,"Auto, RV & Marine",Car Dealerships
2a2f346b-02b5-4999-8d06-52c3cdfb5b88,Dental Urgent Care,dentist,google_type,high,Health & Medical,Dentists & Orthodontists
d5398915-11bf-4ae5-a60e-9e1714781183,Elysium Accounting and Notary Service,consultant,name_keyword,high,Professional & Financial,Notary
f94653b7-499c-4bc8-87a8-3fbf29025391,Garitee Landscapes & Bobcat Service,general_contractor,google_type,high,Home & Property Services,General Contractors
a5dcccdf-ccb2-49c5-b070-a14f38a795f7,1595 Storage LLC,storage,google_type,high,Home & Property Services,Self-Storage
9108ead5-8bfb-4f83-b354-b2bf534d0a96,Brett Qualls,physiotherapist,google_type,high,Health & Medical,Physical Therapy
3f20e006-0760-4c50-bd7c-931d9886452e,Absolute Speed & Marine,service,provider_subcat,high,On the Water,Boat & Watercraft Rentals
e4b3b542-df36-4f76-99ae-d0ecc3188b29,Copper Still Distillery,manufacturer,provider_subcat,high,Eat & Drink,Bars & Breweries
d92615a7-c989-4774-8b88-1c41ade297eb,Village Gift & Souvenirs,gift_shop,google_type,high,Shopping & Retail,Gifts & Boutiques
68c08ad7-29f7-45b0-bf57-aaf5a2d55ffc,H.A.V.E.N. Center,consultant,google_categories,low,Health & Medical,Primary Care
48e2553e-b9ea-4b43-8930-95e7cb9eb17d,928 AZ Real Estate,consultant,name_keyword,high,Professional & Financial,Real Estate
47c5320d-ff15-4c4f-89cb-dccc50cd2cb4,Sunshine Indoor Play,indoor_playground,google_type,high,Things to Do & Attractions,Family Fun & Arcades
269dcbf7-b0db-4bbb-8c3c-ad02fe19d086,Personal Touch Carpet Cleaning,laundry,name_keyword,med,Home & Property Services,Cleaning
0430684b-01df-47c5-b2de-53f47ab51a17,"Alice Dreyfus, FNP",health,google_type,high,Health & Medical,Primary Care
1344b374-3b4c-4afa-91ef-99ca94cd8158,Southwest Behavioral & Health Services Lake Havasu City Outpatient,medical_clinic,google_type,high,Health & Medical,Primary Care
40be25dc-2ce3-46d7-878c-03ee6550e197,Knochel Law Offices,consultant,llm_keyword,low,Professional & Financial,Attorneys
35941c47-e841-4ce4-b436-62497c99fae8,ROC Title Agency West - Lake Havasu City,insurance_agency,google_type,high,Professional & Financial,Insurance
3c0958d1-96c1-4500-9f95-73eb613cbb5a,The Spot,pizza_restaurant,google_type,high,Eat & Drink,Restaurants
56084d42-b1b8-4ac6-aa2e-6583ea5fc6bc,The Sands Vacation Resort,hotel,google_type,high,Lodging,Hotels & Motels
0dd53bd3-e9b5-4f5d-bb23-2bbdb322daaa,Dr. Jason Yole,dentist,google_type,high,Health & Medical,Dentists & Orthodontists
7642fa01-4c16-43e9-bfec-ab902a23de77,Gallagher's Dining & Pub,bar_and_grill,google_type,high,Eat & Drink,Restaurants
2dfb6aad-edd7-4992-8d41-2414fa6a9aa4,Havasu Lanes & Keglers Pub,bowling_alley,google_type,high,Things to Do & Attractions,Family Fun & Arcades
546a1be1-313b-47bb-b0c9-b271ae1a202f,EverClear Pool Service,service,name_keyword,med,Home & Property Services,Pools & Spas
83ca7fb4-421e-4644-9dd1-246f275c3a3b,Hava Math Tutor,,provider_subcat,high,Family & Education,Kids' Classes & Camps
1c185652-c36c-4dfe-8cbc-2f19452c0bee,Wells Fargo Advisors,finance,google_type,high,Professional & Financial,Financial Advisors
04edbd1f-2b39-47e2-9fb0-34191fa67c38,Vista Pointe at Lake Havasu City,health,google_type,high,Health & Medical,Primary Care
dd29bb40-7de1-4aa7-8eef-857fc62cb628,PrimePest Solutions,service,llm_judgment,low,Home & Property Services,Pest Control
e5564cda-0022-4c57-b370-dbc46966e4c6,Desert Bar,,provider_subcat,high,Outdoors & Recreation,Parks & Playgrounds
39350190-619e-48c7-9451-08d8c3c3b70d,Maverik,,google_categories,low,"Auto, RV & Marine",Gas Stations
e1b83296-74e9-4675-9f6b-b69f325fff3f,Thomas Dermatology,skin_care_clinic,google_type,high,Beauty & Personal Care,Med Spas & Aesthetics
cc3a8739-da51-4ebe-bda5-1c8f8116da86,SoftHeart Photography,service,llm_judgment,low,Professional & Financial,Photographers
e6e25d1f-19a3-4fbe-a284-6d22a6eb02c8,Family Care Home Health & Hospice,health,google_type,high,Health & Medical,Primary Care
4f1ed297-d9aa-47f6-80bf-311d0df36f74,Arizona Recovery Center,health,google_type,high,Health & Medical,Primary Care
2a121025-d5e5-4b1a-a378-8192e8a59c10,Dolce To-Go,pizza_restaurant,google_type,high,Eat & Drink,Restaurants
061e9687-ea18-4df1-b1c3-cd556c2dbc27,Get It In Gear,car_repair,google_type,high,"Auto, RV & Marine",Auto Repair
09a0fc8e-8f6f-491b-bc08-ccf94f462cfc,123 Bookkeeping,consultant,seed_exclude,high,(TEST/SEED — EXCLUDE),(not a real listing)
e948439b-d557-4725-9225-cfd9eb250898,Nail Vibes LLC,nail_salon,google_type,high,Beauty & Personal Care,Nail Salons
a012beb3-a233-486e-8d88-9d8b8b96ba33,Aesthetic Dental Care-Arizona,dentist,google_type,high,Health & Medical,Dentists & Orthodontists
8f267a36-c64d-436d-9b5e-a5b0bde37ff4,Boleratzky Katalin MD,doctor,google_type,high,Health & Medical,Primary Care
b25d1202-cf67-49da-8219-2f32eecda021,Gems 2 Assisted Living,point_of_interest,name_keyword,high,Health & Medical,Senior Care & Assisted Living
4d44c53d-9c2d-479f-a517-ce6bdad25250,AQUACLEAN HAVASU LLC,service,google_categories,low,Shopping & Retail,Sporting Goods
124f4450-9ab8-4fdc-ad8d-e2eb0c278438,Bartlett's Handyman Services,general_contractor,google_type,high,Home & Property Services,General Contractors
46e8ddf5-e484-4c36-8880-567cd1d40c71,Hair Productions Inc,hair_salon,google_type,high,Beauty & Personal Care,Hair Salons & Barbers
f785022f-3f1b-4326-bd41-0c8e94cd7c53,Mclane Esthetic,beauty_salon,google_type,high,Beauty & Personal Care,Hair Salons & Barbers
6a214274-59d0-476f-8ad7-4173c41df258,Lavish & Glam Studio,beauty_salon,google_type,high,Beauty & Personal Care,Hair Salons & Barbers
218b0a33-2c4f-46c7-aa12-757d8ef149c2,Western Arizona Canoe & Kayak Outfitters (WACKO),,name_keyword,high,On the Water,Kayak & Paddle
8a094bbd-36cd-4910-b825-6b140548f65d,Grease and Glamour Garage,barber_shop,google_type,high,Beauty & Personal Care,Hair Salons & Barbers
ee53823a-befd-4fb0-8dd7-04888d0be658,Landscape And Yard Restoration,general_contractor,google_type,high,Home & Property Services,General Contractors
805fdf45-7574-4a74-9149-dac8236e492c,Dr. Gregory Skinner,dentist,google_type,high,Health & Medical,Dentists & Orthodontists
1f1c721f-e582-472d-82e4-8a50fd0b1f8a,Aune Brother's Construction LLC,general_contractor,google_type,high,Home & Property Services,General Contractors
c6c39600-de76-4096-9d0d-7f20ed77b163,London Bridge Resort,,llm_keyword,low,Lodging,Hotels & Motels
87fc9b57-a461-4c3e-a61c-3bc50cc8ac7d,Dollar General,discount_store,google_type,high,Shopping & Retail,Convenience
3460d107-8214-4ef9-82f6-d85c329c148a,Saints and Sinners Tattoo,store,name_keyword,high,Beauty & Personal Care,Tattoo & Piercing
06df024d-8442-47c6-879a-69301f5c7ed0,Mohave Solar,service,name_keyword,high,Home & Property Services,Solar
d2b5f393-b284-497e-b4f2-a5fe247de72b,Lamont Construction & Development,general_contractor,google_type,high,Home & Property Services,General Contractors
e4a7654b-7e74-4614-9b4e-41cad2c3c5c6,21 Glam Ave Beauty Lounge,beauty_salon,google_type,high,Beauty & Personal Care,Hair Salons & Barbers
9f6b6cf6-69d8-4d7b-98ee-243cdfccef2a,bealls,clothing_store,google_type,high,Shopping & Retail,Clothing & Apparel
6b436d20-356e-489a-8ce6-6d6c451879bf,Gus’s Hair Shop,hair_salon,google_type,high,Beauty & Personal Care,Hair Salons & Barbers
d4381683-2288-4b41-bf54-0f74f3208e1f,Flying X Saloon,bar,google_type,high,Eat & Drink,Bars & Breweries
a6b38893-359b-4c95-91fd-a8b239e2ed41,Number One Nails,nail_salon,google_type,high,Beauty & Personal Care,Nail Salons
47535c83-2646-4a73-a27c-2045449dd466,Byrd's Mobile RV & Marine,car_repair,google_type,high,"Auto, RV & Marine",Auto Repair
d6e0be4b-8513-48e5-bcee-0dc7a8df41c0,Touch Free,car_wash,google_type,high,"Auto, RV & Marine",Car Wash
bc36327c-a006-476f-8c51-4003b2f4d5c4,Mohave Roofing,roofing_contractor,google_type,high,Home & Property Services,Roofing
085a4245-0ed8-43e4-8641-0284710b6154,New Image Auto Customs,car_repair,google_type,high,"Auto, RV & Marine",Auto Repair
e7b8e3a2-1010-4f41-b20e-3b082c15efa2,B-Right There Shuttle,,llm_judgment,low,"Auto, RV & Marine",Shuttles & Transportation [NEW]
b4ff4d40-5879-4a5d-8a1d-ce342fdd3a73,Windsor Campgrounds,campground,google_type,high,Lodging,RV Parks & Campgrounds
658740d6-00a8-444c-8a38-d28260576cfd,Restoration MedSpa,spa,google_type,high,Beauty & Personal Care,Day Spas & Massage
16643948-4c74-40d4-a2bf-afde17a68dc3,Crossroads OHV Area,,llm_judgment,low,Outdoors & Recreation,Off-Road & OHV
c51bacec-7932-4ef9-aa01-05ca5784728f,Lake Havasu Luxury Charter LLC,,name_keyword,high,On the Water,Boat Tours & Charters
09e23ac1-493c-43a1-ad2c-35298c530159,Subway at Havasu North Shopping Center,,provider_subcat,high,Eat & Drink,Restaurants
f17ce08c-5d49-4d04-8c5d-1cf05922659f,Lake Havasu Golf Club - West Course,,provider_subcat,high,Outdoors & Recreation,Parks & Playgrounds
64b1f6fe-84f4-499d-be2d-a9d67c793970,Star Cinemas,movie_theater,google_type,high,Things to Do & Attractions,Theaters & Cinema
db74d48d-7e0e-45fb-b324-5c04d8a94486,"Neal Patalinghug, MD",doctor,google_type,high,Health & Medical,Primary Care
2b649116-bd97-4091-9767-a81f7ac7a3ce,GraceArts LIVE Performing Arts Theatre,,llm_judgment,low,Things to Do & Attractions,Theaters & Cinema
86676742-802d-4a72-87db-f8061cac792a,Tax Places Havasu,consultant,name_keyword,high,Professional & Financial,Accountants & Tax
c8212940-24aa-4fd3-89af-aabb5cde11e5,Radiant Salon & Day Spa,spa,google_type,high,Beauty & Personal Care,Day Spas & Massage
492918c8-7a58-412b-a0be-8325da4ccc43,Denims & Diamonds,womens_clothing_store,google_type,high,Shopping & Retail,Clothing & Apparel
fca46866-1245-41a8-be7a-a3e5da41528e,Downtown District,,llm_judgment,low,Things to Do & Attractions,Landmarks & Sights
6644609d-5948-4b72-b01f-b9684352c4ba,HEAT Hotel,,name_keyword,high,Lodging,Hotels & Motels
933a69e2-b51d-4884-80a2-1ded4c5f0c7c,London Bridge Jet Boat Tour,,name_keyword,high,On the Water,Boat Tours & Charters
a3781296-ab9e-42fa-bd67-e6bff60d2703,GraceArts LIVE Performing Arts Theatre,,llm_judgment,low,Things to Do & Attractions,Theaters & Cinema
e6172a4f-e1ac-4b17-bf10-4bcc56a46478,Sam's Beachcomber Resort,,llm_keyword,low,Lodging,Hotels & Motels
1ce37e73-f742-4576-b1bb-8a78822a001a,River Blend Coffee Co.,,provider_subcat,high,Eat & Drink,Restaurants
01240ce5-52f7-47c5-a024-03b7d69599ac,Hangar 24 Taproom & Restaurant,,name_keyword,high,Eat & Drink,Bars & Breweries
f4ffe01e-6bba-4f8c-81ca-989de2ecadd8,Havasu Net Em Guide Service,,name_keyword,med,On the Water,Fishing Charters & Guides
9880533a-6b19-47ac-ba89-da377d99e67b,Wake Surf Adventures,,llm_judgment,low,On the Water,Jet Ski & Watersports
4fc5f5e1-ef97-4db5-8df0-41c5ac44dc98,Bill's Auto & Truck Repair,car_repair,google_type,high,"Auto, RV & Marine",Auto Repair
5d8691b0-2450-4d6e-af55-58cd16da8a16,Desert Porch Mercantile,farmers_market,google_type,high,Shopping & Retail,Grocery & Markets
baad0380-1078-4043-86d9-689bc7480f0d,Lake Havasu Marine Association Designated Operator Program,,llm_keyword,low,On the Water,Boat & Watercraft Rentals
f81464f9-ae2f-4035-9c2e-bf4cdaae32a2,Harmony Health & Wellness Center,health,google_type,high,Health & Medical,Primary Care
7c39c670-9a32-42aa-85b7-a971d5eca209,"Cheryl Kingsbury, MS",physiotherapist,google_type,high,Health & Medical,Physical Therapy
bd62eb3e-541b-46fb-8232-61540b838966,Havasu Medical Group,point_of_interest,name_keyword,med,Health & Medical,Primary Care
1f7d65a8-bbae-4f7d-8e29-88cac94814b3,Acacia Medical Spa of Lake Havasu City,spa,google_type,high,Beauty & Personal Care,Day Spas & Massage
e4b90916-9555-4437-982f-b09c6d3b16f6,Laughlin Ranch Golf Club,,name_keyword,med,Outdoors & Recreation,Golf Courses
cad2a586-c92a-4d48-b282-cda5c7af0f0e,Havasu Behavioral Health,medical_clinic,google_type,high,Health & Medical,Primary Care
95425316-bf2b-4805-b756-6133c67ded70,Studio 6 Suites,,name_keyword,high,Lodging,Hotels & Motels
253dd042-87b6-4078-a56e-8fc0a57fa808,"Havasu Realty, Inc.",,name_keyword,high,Professional & Financial,Real Estate
f706f15c-f708-438a-92ec-b9fb495c15fa,Made 4 Movement | Chiropractic + Sports Medicine |,chiropractor,google_type,high,Health & Medical,Chiropractic
f78044ed-80fc-4c5b-ba69-4dec7ccc7190,ABC Therapy,medical_clinic,google_type,high,Health & Medical,Primary Care
610eac2b-576d-4e90-b261-448a3aa3a2cd,Exotic Pet Kingdom,pet_store,google_type,high,Pets,Pet Stores & Supplies
e056b5bb-ac8e-4f8b-ac40-a0f1412e9f70,Jenny’s house cleaning,service,name_keyword,med,Home & Property Services,Cleaning
831f32b6-bed3-4607-963a-8e10db8fb52a,JordanElise Tanning,tanning_studio,google_type,high,Beauty & Personal Care,Tanning
2b235877-81db-43b0-b586-f4e4b622a6c5,Desert Bar,,llm_judgment,low,Eat & Drink,Bars & Breweries
f621f3d6-1e66-4c4e-af0c-30c38002bbf1,River Valley Home Health and Hospice,health,google_type,high,Health & Medical,Primary Care
b041f1bb-8d18-4e58-833a-73320677ad9b,Be.YOU.tiful.Divas,beauty_salon,google_type,high,Beauty & Personal Care,Hair Salons & Barbers
0a22be13-c789-4805-9ce7-13419eabdaa7,"Dr. Caroline M. Koch, MD",doctor,google_type,high,Health & Medical,Primary Care
e7010461-1e1a-4258-a777-2787cbb126f9,Hair by Jessica Cherry,barber_shop,google_type,high,Beauty & Personal Care,Hair Salons & Barbers
e60103cb-9d4f-4f34-9531-47a31797ea3a,Adventure Vacation Rentals,,llm_judgment,low,Lodging,Vacation Rental — PARK [C]
6d2b0cc1-c18b-4885-adc5-c7b79751c7c2,Havasu Excursions,,llm_judgment,low,On the Water,Boat Tours & Charters
37f39d58-2664-442b-be3d-850657641a38,Havasu Balloon Festival and Fair (HBFF),,llm_keyword,low,Things to Do & Attractions,Tours & Sightseeing
90f5ea55-cc7a-4098-b26a-fff683925e51,Ghost Mine Saloon,,name_keyword,med,Eat & Drink,Bars & Breweries
ab421a64-959f-4ed0-9572-f056bce56ab7,The Beauty Bungalow Hair & Nail Salon in Havasu,beauty_salon,google_type,high,Beauty & Personal Care,Hair Salons & Barbers
7d4d747b-1ac6-4a9d-bd10-32b1951c7a81,Cost Cutters,hair_salon,google_type,high,Beauty & Personal Care,Hair Salons & Barbers
fb3aede7-a73d-4c7d-be5e-e366daa12a44,Boat-In Beaches & Campsites,,llm_judgment,low,On the Water,Beaches & Swim Areas
31d851fb-d9e9-4e5e-a2af-e73433d04c2e,The Nautical Beachfront Resort,,llm_keyword,low,Lodging,Hotels & Motels
438b23c3-1470-4642-a3a3-61071fba2b80,Bogeys & Stogies Sports Lounge and Grill,,provider_subcat,high,Outdoors & Recreation,Parks & Playgrounds
dd6eb998-e4fb-4ec2-a1cd-40aeb28ad099,Islander Resort Lake Havasu,,name_keyword,high,Lodging,Hotels & Motels
7ee162a5-d56a-4251-acd7-63ba710432b7,Chancy Casual Wear,clothing_store,google_type,high,Shopping & Retail,Clothing & Apparel
07afc841-c374-48c1-97c0-40b385e020fa,Havasu Landing Resort & Casino,,llm_keyword,low,Lodging,Hotels & Motels
6939ac54-f2f5-4754-8bd2-418123af8c18,Lake View Grill,,provider_subcat,high,Eat & Drink,Restaurants
f945d8e6-5afa-4f2c-a794-0be2d8ba4435,AC Pro,store,name_keyword,high,Home & Property Services,HVAC
0ce2e25c-18b4-42f1-afc0-5643b60a0564,Crossman Peak Trail,,name_keyword,med,Outdoors & Recreation,Hiking Trails
09e66d08-8412-4f3b-878a-1a9281b9bcea,Dylan's Dog Park @ SARA Park,,name_keyword,high,Outdoors & Recreation,Dog Parks
f6fc66e0-c006-4b22-978d-7a9df739d07d,Sloane's Craft Kitchen + Cocktails,restaurant,google_type,high,Eat & Drink,Restaurants
2252064d-beec-4f68-883f-c265c134d804,Downtown District,,llm_judgment,low,Things to Do & Attractions,Landmarks & Sights
cbf92806-346f-4ed9-9e92-947834ed05e4,Havasu Party Bus & Shuttle,,llm_judgment,low,"Auto, RV & Marine",Shuttles & Transportation [NEW]
466e2866-838d-495f-948a-40dfff32b1c7,Hilltop Community Church,church,google_type,high,Community & Civic,Places of Worship
cc706bc1-0e1c-46d8-be6e-6ececa1e80d8,"The Spot - Pizza, Arcade & More",,llm_keyword,low,Eat & Drink,Restaurants
22777b88-40fb-42e1-8915-e939a1c06c29,HEAT Hotel,,name_keyword,high,Lodging,Hotels & Motels
b0026e09-44cc-4822-b311-223de0befe8f,River's Edge Golf Course,,name_keyword,med,Outdoors & Recreation,Golf Courses
ca517b98-107b-408a-900d-81d685d70f1c,Niko's Grill and Pub,,provider_subcat,high,Eat & Drink,Restaurants
b3ca423a-b6f0-41c7-b808-edf1e349676b,R Bar and Grill,bar,google_type,high,Eat & Drink,Bars & Breweries
40fcfcd2-33c9-460e-8183-cf51af2f8d8e,Capt Kenne Charters LLC,,llm_judgment,low,On the Water,Fishing Charters & Guides
be7f3fe4-1b82-423d-bc89-a9c2387f8ea8,Tranquility Hair Studio,hair_salon,google_type,high,Beauty & Personal Care,Hair Salons & Barbers
20252571-3b99-46cd-b397-fb9572245691,Three Dunes Trail,,name_keyword,med,Outdoors & Recreation,Hiking Trails
f1b72186-e601-43a5-89e7-faaadae6d160,Rusty's,,provider_subcat,high,Eat & Drink,Restaurants
69deddfa-b8c0-40f9-b01f-aa50ca525bb1,Islander Resort Lake Havasu,,name_keyword,high,Lodging,Hotels & Motels
bb24fa81-4a58-49c4-a4e3-07f038fe47a8,Lake Havasu Experience,,llm_judgment,low,Things to Do & Attractions,Tours & Sightseeing
2f29dc81-5e13-457a-b2ca-75c9a147bc1a,Days Inn,,name_keyword,high,Lodging,Hotels & Motels
06269a57-89e8-43b9-93f5-ecabef991cfe,Bill Williams River National Wildlife Refuge,,name_keyword,med,Outdoors & Recreation,Parks & Playgrounds
eb6e077f-cb41-4f5c-bb15-f9cfb494c09f,Serene wellness & Beauty spa,spa,google_type,high,Beauty & Personal Care,Day Spas & Massage
05fc19e5-6bf2-4743-a5ab-c0c219ed7d1a,Lake Havasu Luxury Charter LLC,,name_keyword,high,On the Water,Boat Tours & Charters
b9c2da7a-fafd-48be-915e-3102262cf78a,London Bridge Resort,,llm_keyword,low,Lodging,Hotels & Motels
2040b93c-ab11-4a48-a434-0dba920dd86e,Destination Havasu,,llm_judgment,low,Lodging,Vacation Rental — PARK [C]
305a16bc-22c1-4d92-b109-bde4f86dc38c,Shugrue's Bridgeview Room,,llm_judgment,low,Eat & Drink,Restaurants
a9dc8c01-f4a9-4066-9b33-f8acc2d96cb1,Kiowa Storage,storage,google_type,high,Home & Property Services,Self-Storage
41c52205-85e3-4724-9fe1-ead6f3fa1757,Dylan's Dog Park @ SARA Park,,name_keyword,high,Outdoors & Recreation,Dog Parks
93b41ac3-f2f5-4bfe-82ac-487757961dc7,Amore Shuttle & Sedan Service,,llm_judgment,low,"Auto, RV & Marine",Shuttles & Transportation [NEW]
e3c6667d-f074-497c-86df-ce65b65b1b8b,Cypress Park,,name_keyword,med,Outdoors & Recreation,Parks & Playgrounds
9140eaa2-5f85-4ad3-b232-7fe7dc1f909d,Beautinails Skincare & More,beauty_salon,google_type,high,Beauty & Personal Care,Hair Salons & Barbers
f931df62-ccc2-4002-bc63-845bcb55f744,Bill Williams River National Wildlife Refuge,,name_keyword,med,Outdoors & Recreation,Parks & Playgrounds
101a4a7c-fda0-4e64-aa75-0dfc5bf0365d,Mojave Resort Golf Club,,name_keyword,med,Outdoors & Recreation,Golf Courses
43ee6306-8bf8-400a-998c-afed362c6cc9,London Bridge Shops,,llm_judgment,low,Things to Do & Attractions,Landmarks & Sights
5b9b2e52-83b0-4cd2-b01c-6549eeba8527,"Integrity Arizona Real Estate Sales, LLC",,name_keyword,high,Professional & Financial,Real Estate
536bbdd2-3d95-4660-8fd1-c368aad80219,Kimberly Michael Salon,hair_salon,google_type,high,Beauty & Personal Care,Hair Salons & Barbers
d0cfbc0b-9dae-43c3-a3eb-5faf096610fb,Canyon Country Truck Auto & RV,car_repair,google_type,high,"Auto, RV & Marine",Auto Repair
9c9b3438-3a2e-425a-a346-a6827e6728e3,Tinnell Memorial Sports Park,,name_keyword,med,Outdoors & Recreation,Parks & Playgrounds
2cc33f5b-81fa-4511-97b4-1dd5b9f4c0a6,A River Run Express,,llm_judgment,low,"Auto, RV & Marine",Shuttles & Transportation [NEW]
03bf2182-d70d-4a3b-ac21-eaefa446815e,Karen Yates,doctor,google_type,high,Health & Medical,Primary Care
2ad05d34-4c42-4024-89c4-2e5e6d073810,Splash Pads,,llm_judgment,low,Outdoors & Recreation,Parks & Playgrounds
8593a9fe-92a9-49e6-8967-7993eae9fb7a,Chaparral Golf Course,,name_keyword,med,Outdoors & Recreation,Golf Courses
9b948844-42cb-4d34-b881-ea8487a926f2,Chemehuevi Wash Trail,,name_keyword,med,Outdoors & Recreation,Hiking Trails
b244e77f-6e5a-4f59-ac66-44d1b8e1c5e3,El Rio Golf Club,,name_keyword,med,Outdoors & Recreation,Golf Courses
8e65f8c7-d54e-4788-a5c8-a3f20d8999b1,Keepers of the Wild,,llm_judgment,low,Things to Do & Attractions,Landmarks & Sights
49577158-28c0-4838-ade8-b213b67ddc4c,London Bridge Shops,,llm_judgment,low,Things to Do & Attractions,Landmarks & Sights
2d48a8d9-3582-41fe-8a17-82bcf459ac3a,Arizona's Fun On The Water,,llm_judgment,low,On the Water,Boat & Watercraft Rentals
9e7f0eb6-e54c-4bfa-af6d-d8c81da90847,Filiberto's Mexican Food,,provider_subcat,high,Eat & Drink,Restaurants
f1321855-045a-4f29-a264-5ec817cf266d,Havasu National Wildlife Refuge,,name_keyword,med,Outdoors & Recreation,Parks & Playgrounds
1bf93cc7-df4c-4c37-874a-6eaa12546aa7,Black Meadow Landing,,llm_judgment,low,Lodging,RV Parks & Campgrounds
7638083c-b05e-4fc2-bc63-60d06a735bf4,Montana Steak House,,provider_subcat,high,Eat & Drink,Restaurants
cc988949-be0e-4ce2-ae1a-b61d2884162f,️NEW! Lake Havasu City Oasis w/Private Pool & Spa,lodging,google_type,high,Lodging,Hotels & Motels
094fa535-d6cd-438f-95a4-e78a7d4b2d6c,Anchor Lake House,rv_park,google_type,high,Lodging,RV Parks & Campgrounds
12995207-030f-4b5a-9928-c3ee4598b69f,Hava Captain,,llm_keyword,low,Things to Do & Attractions,Tours & Sightseeing
a0e75c53-8acd-4ea3-83fe-fa209d4b67fb,Western Arizona Canoe & Kayak Outfitters (WACKO),,name_keyword,high,On the Water,Kayak & Paddle
4d9e88b4-f371-4840-ac78-e65cee5e16a6,Fire & Ice Recovery & Wellness,wellness_center,google_type,high,Fitness & Wellness,Nutrition & Wellness
411c9c12-a951-4062-8c0f-d29befb28f9c,La Michoacana Frutsi,,provider_subcat,high,Eat & Drink,Restaurants
713a78b6-8fc7-4795-8c7f-88fb91efff50,Arch Rock Loop Trail,,name_keyword,med,Outdoors & Recreation,Hiking Trails
cf960918-602d-43c4-a2d6-dc533f35b05d,Cloud Slingers Smoke & Vape Shop,store,google_categories,low,Shopping & Retail,Hardware & Home Improvement
32f04420-6c1e-4849-911a-e077c7fe635d,Holiday Inn Express & Suites Lake Havasu - London Bridge,,name_keyword,high,Lodging,Hotels & Motels
59e66c21-1dda-46ef-9eec-ffc6448d94df,Shear Magic Salon,beauty_salon,google_type,high,Beauty & Personal Care,Hair Salons & Barbers
6e3aa8b7-c387-4212-a9ae-ba2e058dd1f3,Papa Bear's Restaurant,,provider_subcat,high,Eat & Drink,Restaurants
93eaa280-0ed1-4ee8-8bc8-d3cc5ea2034d,5 Dollar Holler,,seed_exclude,high,(TEST/SEED — EXCLUDE),(not a real listing)
7f1a9bd5-5d9f-41cc-b1ab-c8480c7b319c,Ly Thomas C MD,doctor,google_type,high,Health & Medical,Primary Care
f2560575-2e1e-4a0e-b439-52f411acc82f,"Summerlin Financial, Inc",finance,google_type,high,Professional & Financial,Financial Advisors
649396dd-f4f0-48df-a721-a33ec3343ce3,Express Getaway,,llm_judgment,low,Lodging,Vacation Rental — PARK [C]
301ed274-871c-44f8-86e2-b62ee5bf0820,SARA Park,,name_keyword,med,Outdoors & Recreation,Parks & Playgrounds
dd6c5a43-0a70-469e-8e26-e29f8ab81082,Day & Night Shuttle,,llm_judgment,low,"Auto, RV & Marine",Shuttles & Transportation [NEW]
de73f5f5-d83c-4ec9-b767-569b70d5084d,Channel Catz,,llm_judgment,low,On the Water,Boat Tours & Charters
1d1612b2-fc32-4906-a693-12f0128fbf32,El Rio Golf Club,,name_keyword,med,Outdoors & Recreation,Golf Courses
3c041497-753d-494c-9663-8e9bebd9db4a,Haven Health Lake Havasu,health,google_type,high,Health & Medical,Primary Care
03f009d4-b395-4922-948f-2b51c9d91bf6,"The Spot - Pizza, Arcade & More",,llm_keyword,low,Eat & Drink,Restaurants
55884dc4-b76f-4bdf-8044-5e36785b72ff,Laughlin Ranch Golf Club,,name_keyword,med,Outdoors & Recreation,Golf Courses
5c6cfb14-c84a-4d44-863d-172cb2dfc885,Dos Amigos Taco's,,provider_subcat,high,Eat & Drink,Restaurants
7905d6e7-8752-417c-aa77-eb367cd113d9,Boettger Carolyn D DDS,dentist,google_type,high,Health & Medical,Dentists & Orthodontists
dd25d5fb-a8ae-4033-a84a-d5ddec0a87b5,Applied Electric LLC,electrician,google_type,high,Home & Property Services,Electrical
ba6451d6-870d-4629-b68d-6f0a3e13a4bc,Los Lagos Golf Club,,name_keyword,med,Outdoors & Recreation,Golf Courses
a686871f-665d-4548-ab68-945770e74ad6,Havasu National Wildlife Refuge,,name_keyword,med,Outdoors & Recreation,Parks & Playgrounds
cee2c152-d751-4dde-8015-f02e0f5ef651,Cap'n Cory's Fishing Guide & Outfitter,,name_keyword,med,On the Water,Fishing Charters & Guides
47e0d732-398b-4ee2-8575-4ab3921d6905,Nautical Watersports Center,,llm_judgment,low,On the Water,Boat & Watercraft Rentals
fb408a84-db45-43fa-928a-9a623e0d9d6b,Empty Spaces Vacation Rental Management,,name_keyword,med,On the Water,Boat & Watercraft Rentals
947f3317-a8ea-44e3-8c48-ad99beb3887e,Arizona's Fun On The Water,,llm_judgment,low,On the Water,Boat & Watercraft Rentals
6da48961-693b-4956-b4c3-41fdd186eb9f,Copper Canyon Realty,,name_keyword,high,Professional & Financial,Real Estate
cc13e89d-d81b-47e0-af0a-ea9b66b67c22,Capt Kenne Charters LLC,,llm_judgment,low,On the Water,Fishing Charters & Guides
76db786f-78d2-4e5d-879d-5e214074ddbf,Crossman Peak Trail,,provider_subcat,high,Outdoors & Recreation,Parks & Playgrounds
6372a690-ee2e-4d6d-96cb-abea8a4609d3,Lake Havasu Marine Association Designated Operator Program,,llm_keyword,low,On the Water,Boat & Watercraft Rentals
1a66c41e-4119-4897-abf7-6940a63c3f92,Wells Fargo Bank,bank,google_type,high,Professional & Financial,Banks & Credit Unions
24477f76-d673-46f1-a625-6b7f778847aa,"The Spot - Pizza, Arcade & More",,llm_keyword,low,Eat & Drink,Restaurants
e1fc0806-5c43-4df4-aa16-41ae7f3bb1ab,Oatman Bus Tour,,llm_keyword,low,Things to Do & Attractions,Tours & Sightseeing
a01abf5a-ab5f-49b7-9209-fd8e44b6aaab,Naked Turtle Beach Bar at The Nautical Beachfront Resort,,provider_subcat,high,Eat & Drink,Restaurants
f4e157ed-7755-46fb-b246-e45a290ed50d,Simone The Barber,barber_shop,google_type,high,Beauty & Personal Care,Hair Salons & Barbers
af6e271a-977e-4a45-b360-f520840ce12a,Tilly's Smoke Shop,store,llm_keyword,low,Shopping & Retail,Gifts & Boutiques
7c2c9530-5ad5-4b0e-9455-d5f4784a864d,Toy Brokers Havasu,store,google_categories,low,Outdoors & Recreation,Parks & Playgrounds
e6cc7160-f0ed-40c4-b5ab-f401ee87194a,Manu Lonial MD,doctor,google_type,high,Health & Medical,Primary Care
1ddc72d8-3759-40c1-815d-06623581c91e,Oatman Bus Tour,,llm_keyword,low,Things to Do & Attractions,Tours & Sightseeing
4e45d3ef-8921-4a5b-b4c6-96aaef358bed,The Nautical Beachfront Resort,,llm_keyword,low,Lodging,Hotels & Motels
446134c1-ea84-403e-af6e-68f83048b93a,Lizard Peak Trail (Picnic Table Mountain Trail),,provider_subcat,high,Outdoors & Recreation,Parks & Playgrounds
246ff9ad-a0bc-462e-941e-87446b3c781b,Lina Little China,chinese_restaurant,google_type,high,Eat & Drink,Restaurants
f20b981a-fa46-4b86-b391-397b72eb80bf,Ray's Flat Top Joint,barber_shop,google_type,high,Beauty & Personal Care,Hair Salons & Barbers
7c9b5c56-d4c6-4dd1-8380-2d3ced87c567,Elite Nails,nail_salon,google_type,high,Beauty & Personal Care,Nail Salons
de095148-575c-4b71-b5b5-9cf038f6657b,Lake Havasu Experience,,llm_judgment,low,Things to Do & Attractions,Tours & Sightseeing
a97ef706-baba-4b6a-ad5a-df10d3d34f37,Shoreline Trail,,name_keyword,med,Outdoors & Recreation,Hiking Trails
c320ecb7-0bb2-406d-94cc-c1a2eb918668,Desert Resort Properties,,llm_keyword,low,Lodging,Hotels & Motels
2e0dd592-e088-4dfc-85fb-31cbdc3abd61,Ron's Fishing Guide Service Lake Havasu Arizona,,name_keyword,med,On the Water,Fishing Charters & Guides
451f9aea-9816-47cd-91b0-b1797078c4ca,Avalon Park,,name_keyword,med,Outdoors & Recreation,Parks & Playgrounds
7fa3b974-401e-470e-9c97-02e39c2e6b5f,Avalon Park,,name_keyword,med,Outdoors & Recreation,Parks & Playgrounds
cd7e5a4c-ae15-476c-a9e8-cde085c6fb65,Close to Downtown Nightlife and Minutes from Lake Havasu,lodging,google_type,high,Lodging,Hotels & Motels
adc1685e-8fbb-42a4-901b-862cf28345b0,Havasu Inn & Suites,hotel,google_type,high,Lodging,Hotels & Motels
b2513906-ed21-4cc3-8d1c-71d4bca75267,Cerbat Cliffs Golf Course,,name_keyword,med,Outdoors & Recreation,Golf Courses
e9d6d179-7bd0-447b-9eb6-53f38b339c52,Downtown Storage,storage,google_type,high,Home & Property Services,Self-Storage
775083d9-8705-4bb5-8d8f-8c2e46bd7ea5,Waterbuzz Fly Boarding,service,provider_subcat,high,On the Water,Boat & Watercraft Rentals
fdadb45e-f7d0-43b4-b55e-e7b712551ea5,Mockingbird Wash Trail,,name_keyword,med,Outdoors & Recreation,Hiking Trails
78e802d9-6076-4661-a78f-a579d362705d,Havasu Springs Resort,,llm_keyword,low,Lodging,Hotels & Motels
1b7ff409-0124-4eac-8b28-531245a10000,Lake Place Inn,,name_keyword,high,Lodging,Hotels & Motels
51040439-c2bb-4aa9-a489-d7834db5c3dd,Boat Life Havasu,,provider_subcat,high,On the Water,Boat & Watercraft Rentals
572e93de-c678-4ed3-93d3-66ba814e89a0,Crossroads OHV Area,,provider_subcat,high,Outdoors & Recreation,Parks & Playgrounds
a92a624b-9309-45ff-b16a-1514d95f3fca,SUGARED IN THE CITY LLC,beauty_salon,google_type,high,Beauty & Personal Care,Hair Salons & Barbers
4d265a51-f51b-4f8c-b554-24a5376cea22,Puff N Stuff Vape And CBD,store,llm_judgment,low,Shopping & Retail,"Smoke, Vape & Cannabis [NEW]"
1ecbc4d7-ce17-4ecc-a2d9-22cc7ae63c2c,"Complexions, Clinical Skin Care and Waxing Studio",skin_care_clinic,google_type,high,Beauty & Personal Care,Med Spas & Aesthetics
b2c4f420-c0cc-44fe-8eaf-ad5a651684cd,Emerald Canyon Golf Course,,name_keyword,med,Outdoors & Recreation,Golf Courses
532b072a-4d8c-48ed-bf7c-6f519d0342ef,Killian Ronald B DPM,doctor,google_type,high,Health & Medical,Primary Care
1d7a12db-8735-4d61-9bd6-5d27a94fc2c9,TNT Roofing,roofing_contractor,google_type,high,Home & Property Services,Roofing
3cac2220-0c2f-4fa2-99bb-3e03ef05b62c,Lighthouses,,llm_judgment,low,Things to Do & Attractions,Landmarks & Sights
c6fc2b80-bfd2-444c-b074-9121fd829c59,Lake Havasu Marina,,name_keyword,high,On the Water,Marinas & Launch Ramps
fd7392d7-cd2e-42fa-a9bf-a11a826f66b2,Los Lagos Golf Club,,name_keyword,med,Outdoors & Recreation,Golf Courses
48f2b77c-0a5a-4b1b-96b8-9ea7f3bbd7fb,Beach House Havasu,,name_keyword,med,On the Water,Beaches & Swim Areas
0c5d24a3-e73c-4278-a824-f72785002f1b,Jennings & Larson Family Dentistry - Lake Havasu,dentist,google_type,high,Health & Medical,Dentists & Orthodontists
01230c71-ed02-430f-b5d3-5942836f6bff,Grand Canyon Caverns,,llm_judgment,low,Things to Do & Attractions,Landmarks & Sights
48291f80-e4db-4d43-a618-4d42152f50ab,First Choice Property of Mohave County,,name_keyword,med,Community & Civic,Government & MVD
7e209e06-6cc5-4163-87cc-5f0bcd7bbd2d,Lake Havasu Vacation Rentals & Sales,,llm_judgment,low,Lodging,Vacation Rental — PARK [C]
e0de046b-7b9e-4766-b23e-67cfbbc04a4b,Havasu Tattoo Company,body_art_service,google_type,high,Beauty & Personal Care,Tattoo & Piercing
fc2593a5-97ff-4619-8896-78ec34284983,McDonald's,,provider_subcat,high,Eat & Drink,Restaurants
675eba5a-1bf9-47e3-8353-071595d089a2,Oatman Bus Tour,,llm_keyword,low,Things to Do & Attractions,Tours & Sightseeing
15b42e45-e9ab-4081-b34a-a25c8e1a7241,Boat Life Havasu,,llm_judgment,low,On the Water,Boat & Watercraft Rentals
8b756173-02b8-4752-bbc5-de6192725f42,Reflections Steakhouse at Iron Wolf Golf and Country Club,,provider_subcat,high,Eat & Drink,Restaurants
6e946244-90d5-4939-847e-3dedd4ca2e56,Lysdale Jeffrey DDS,dentist,google_type,high,Health & Medical,Dentists & Orthodontists
0fe730d4-c00e-49b6-a188-9cc8abed822b,HavaSmile by Jeni Lee,health,google_type,high,Health & Medical,Primary Care
6078c6b9-88a7-4799-8aa0-889476cc2206,Skier's Island,,llm_judgment,low,On the Water,Beaches & Swim Areas
21187850-81e1-4053-8685-7d44a4ece7a4,Ghost Mine Saloon,,name_keyword,med,Eat & Drink,Bars & Breweries
11b80015-f083-4335-9f34-de854de76b4d,Lions Dog Park @ London Bridge Beach,,name_keyword,med,On the Water,Beaches & Swim Areas
ac195653-2b11-4b26-9e72-b56d7f8f7f5f,Mark's Marine Service LLC,,name_keyword,high,"Auto, RV & Marine",Boat & RV Storage / Service
ab28cead-ddda-43ad-8559-f35997f2631f,Cypress Park,,name_keyword,med,Outdoors & Recreation,Parks & Playgrounds
ceeb08a1-6e64-4202-8164-9d2c0933367d,Rosati's Pizza & Pasta,,provider_subcat,high,Eat & Drink,Restaurants
15f4151e-fddc-4b9c-a573-12bcb25f3b7b,Accelerated Electric,electrician,google_type,high,Home & Property Services,Electrical
effd2f2d-bf7b-4391-a539-c776007d00ff,Huukan Golf Club,,name_keyword,med,Outdoors & Recreation,Golf Courses
7df92c12-e601-463b-9ba6-ab0aa3a366ec,Amore Shuttle & Sedan Service,,llm_judgment,low,"Auto, RV & Marine",Shuttles & Transportation [NEW]
54e33fc5-d9ed-497c-9280-341f7c04e80c,Arizona TikiToons Boat Rental,,name_keyword,med,On the Water,Boat & Watercraft Rentals
0b761503-6632-42fd-9d8a-cf8d23ed6005,Dylan's Dog Park @ SARA Park,,name_keyword,high,Outdoors & Recreation,Dog Parks
21fbf24b-401f-4513-b3ee-1a0cf26f94df,Hava Captain,,llm_keyword,low,Things to Do & Attractions,Tours & Sightseeing
7420b337-df20-42f1-a71f-def52cab2692,First Choice Property of Mohave County,,name_keyword,med,Community & Civic,Government & MVD
af657a6d-cbfb-47b9-992a-9db1876cc721,Lake Havasu Retreat Pool Spa Firepit Game Room RV Hookups WOW!,lodging,google_type,high,Lodging,Hotels & Motels
3601ac1e-be45-48c6-907a-8623de6ce7f2,Miracle-Ear Hearing Aid Center,store,google_categories,low,Community & Civic,Nonprofits & Charities
0ea15802-6282-4a5c-a2fd-3b05ba0089ad,Kinzer Deborah a DDS,dentist,google_type,high,Health & Medical,Dentists & Orthodontists
ec095230-87d1-466e-8e57-2bf18364bffd,Elite Audio Havasu,electronics_store,google_type,high,Shopping & Retail,Appliances & Electronics
22076680-04a1-4c5d-8bcd-f4303d2a1d00,Grooming By Jodi,pet_care,llm_judgment,high,Pets,Grooming
d169d888-0141-415e-82f0-8cb1eac8ab9b,Wake Surf Adventures,,llm_judgment,low,On the Water,Jet Ski & Watersports
a6d4d829-3511-4593-b1f3-60af7befd33b,Michael Frame Attorney At Law,consultant,name_keyword,high,Professional & Financial,Attorneys
62cd8a6d-b111-40a2-8499-68edba76c80c,Havasu 95 Speedway,,name_keyword,med,Outdoors & Recreation,Off-Road & OHV
2fe95c77-f231-4842-9061-173424c33e17,Captain Bob's Boat Adventures,,llm_keyword,low,Things to Do & Attractions,Tours & Sightseeing
a698d8ce-0c05-4b14-acad-1f29040807ed,Cabana Boat Rentals,,llm_judgment,low,On the Water,Boat & Watercraft Rentals
67f290ac-5ca4-454f-af05-ac2460dce548,SummeRay Wine Bar & Local Eatery,,name_keyword,med,Eat & Drink,Bars & Breweries
25e73a10-bc8a-4f9e-bf21-5f47ab9fd9c4,Aquatic Center Indoor Waterpark,,llm_judgment,low,Things to Do & Attractions,Family Fun & Arcades
9426ec18-4306-4a08-9847-95a31a9311cd,Traveler's Inn,,name_keyword,high,Lodging,Hotels & Motels
2a526e49-96d5-4c1e-9b33-e6720f0cb020,Londonderry Realty Inc,real_estate_agency,google_type,high,Professional & Financial,Real Estate
f8302077-5a18-4bc8-b4ae-03c51533ac92,Lake Havasu Jet Ski Rentals,service,provider_subcat,high,On the Water,Boat & Watercraft Rentals
fe47d197-06f6-4a31-95a9-7e2bf2cc4942,"Automated Business Service, Inc.",consultant,google_categories,low,Professional & Financial,Financial Advisors
8ea997ce-f1d1-4b75-b954-a63aac2d350b,Eyes of Arizona Vision & Surgery,doctor,google_type,high,Health & Medical,Primary Care
b4e17acb-380b-41f5-bbd3-6e40dde396d5,Creations by JRM Studios,general_contractor,google_type,high,Home & Property Services,General Contractors
90df427d-155e-4735-83c4-7f9e6d47270e,Maverick Adventures First Stop,convenience_store,google_type,high,Shopping & Retail,Convenience
e5847d6a-83dc-4aee-929b-68bdaf8ae415,Sears Heating and Air Conditioning,general_contractor,google_type,high,Home & Property Services,General Contractors
66cb0711-d826-4a7a-8849-5bd8a96128a6,Hidden Palms Resort Condominiums,hotel,google_type,high,Lodging,Hotels & Motels
6b472eee-99b1-4b31-8c24-9fe9de600738,Advanced Women's Care - Lakeview Women's Health Center,doctor,google_type,high,Health & Medical,Primary Care
374c6925-6dd9-4e0e-8407-7663c206e01c,Staples,store,google_categories,low,Shopping & Retail,Appliances & Electronics
e9ae3197-8cbc-4a15-975a-f1561b6b82ce,"Dr. Ryan M. Lavene, DDS & Dr. Rebecca Lavene, DMD",dentist,google_type,high,Health & Medical,Dentists & Orthodontists
1bc908c7-eb29-4381-99fc-0d38233ae2d4,Colorado River Building Ind,general_contractor,google_type,high,Home & Property Services,General Contractors
3031aa1f-7951-411c-9f33-daa2a03c56d2,A1 Vehicle Cosmetics,,provider_subcat,high,On the Water,Boat & Watercraft Rentals
99df232a-b8e4-493c-8ea1-a89a1eaaa652,The Study Yoga Studio,yoga_studio,google_type,high,Fitness & Wellness,Yoga & Pilates
da5526dd-f832-423b-b818-97922cd49888,Canyon Landscape,general_contractor,google_type,high,Home & Property Services,General Contractors
016d1d8c-6163-4cb1-90ad-16fa3a9cad06,ASU SWANSON FIELDS,park,google_type,high,Outdoors & Recreation,Parks & Playgrounds
eb87004a-1cbf-465d-83ac-05f2ceba72e9,FPS Primary Care of Lake Havasu,medical_center,google_type,high,Health & Medical,Primary Care
cc020f36-e837-434e-8f94-c83aa4264cb6,LPL Financial,consultant,name_keyword,med,Professional & Financial,Financial Advisors
630cbc1a-e604-4829-863b-0b050efcb898,Precision Roofing Services,roofing_contractor,google_type,high,Home & Property Services,Roofing
dac62f13-fe6d-4808-8301-58f46b2bf1c8,Havasu Insurance Agency,insurance_agency,google_type,high,Professional & Financial,Insurance
12e03614-e364-43f9-8b62-5178f311e859,Stubbys Red Wagon BBQ,barbecue_restaurant,google_type,high,Eat & Drink,Restaurants
61a91a3d-8d07-41da-a813-76351212ef39,Beach Shack Rentals,service,provider_subcat,high,Things to Do & Attractions,Landmarks & Sights
64019c79-29d7-442a-8e2d-83af8549a36c,Farn stand goods,bakery,google_type,high,Eat & Drink,Bakeries & Desserts
e38cbda8-e89e-485d-9e16-2910b747c711,Diamond Housing,general_contractor,google_type,high,Home & Property Services,General Contractors
b35cb2df-8735-4635-b0dc-fec830ff8436,TrueCare Urgent Care,medical_clinic,google_type,high,Health & Medical,Primary Care
98015f7c-902c-4463-ae99-41215411f2fa,Oro Grande Church of Christ,church,google_type,high,Community & Civic,Places of Worship
3aa2267d-d23e-4df2-b8f0-6a869e24e35f,AutoZone Auto Parts,auto_parts_store,google_type,high,"Auto, RV & Marine",Auto Parts
266cd1f1-18a9-463b-8bf0-39d43b59fc81,Empire Storage,storage,google_type,high,Home & Property Services,Self-Storage
e913a81b-5d43-4250-89df-16df6550287f,HEATHER MACY - RE/MAX By the Lake,service,name_keyword,high,Professional & Financial,Real Estate
ba4e0069-efd1-42a9-896a-d07fba0adca7,All American Pool and Spas,general_contractor,google_type,high,Home & Property Services,General Contractors
62300ef6-4efe-4b57-a361-ef7b85742fec,London Bridge Beach,park,google_type,high,Outdoors & Recreation,Parks & Playgrounds
cf0238af-87a1-4a2a-996f-651c69a837cf,AZ LOANS - Lake Havasu City,finance,google_type,high,Professional & Financial,Financial Advisors
853e3c42-9a36-4e62-8439-7caf7580830d,Lakeside Appliances,home_goods_store,google_type,high,Shopping & Retail,Furniture & Mattress
39468840-e33a-4eb5-af16-105ba999fb48,Double Threat Barbering Co,barber_shop,google_type,high,Beauty & Personal Care,Hair Salons & Barbers
3399aa3c-0ab2-4d17-a402-e6173d5e9348,American Chiropractic,chiropractor,google_type,high,Health & Medical,Chiropractic
1af5733f-c763-40b2-82a9-293f04e56fb5,Empire Insurance Brokers,insurance_agency,google_type,high,Professional & Financial,Insurance
8901e2b8-9a7f-42c7-9bde-34012f3ddd38,LeFemme Lounge,beauty_salon,google_type,high,Beauty & Personal Care,Hair Salons & Barbers
521a11a1-f6c1-4c2a-b3ff-6cef0eeb2092,Close to Downtown Nightlife and Minutes from Lake Havasu,lodging,google_type,high,Lodging,Hotels & Motels
642c6d9b-ee83-4188-a1f0-180939959ff5,Havasu Blessing Box,association_or_organization,google_type,high,Community & Civic,Nonprofits & Charities
c17e32b8-e77c-4299-96c8-3621445337cd,Lakeside Pharmacy,pharmacy,google_type,high,Health & Medical,Pharmacies
ba0f0cc1-4f81-46f5-aad4-a314f9eab9ee,Emily Vona,doctor,google_type,high,Health & Medical,Primary Care
131d50d3-d6d8-47c8-a182-10faaf99efa9,Lake Havasu city,service,llm_judgment,low,Community & Civic,Government & MVD
6e4c008e-4a79-4a5a-925c-caa86fed2be8,LA MICHOACANA,ice_cream_shop,google_type,high,Eat & Drink,Bakeries & Desserts
a6178566-48d6-423c-8047-8917f770c2af,Nails by Ellana,nail_salon,google_type,high,Beauty & Personal Care,Nail Salons
28ac598d-d169-443b-aac8-e1a275835b25,"1st Choice General Contractors, INC.",general_contractor,google_type,high,Home & Property Services,General Contractors
8a62d9a2-61fa-4b10-8a58-8e638fbec540,Island Storage & Marine,storage,google_type,high,Home & Property Services,Self-Storage
511cb5d8-6d2b-417a-ba6a-b5bb13428c43,Amore Pie & More,bakery,google_type,high,Eat & Drink,Bakeries & Desserts
ad5e5bbc-00ae-472d-be8f-299db9553544,"Brooke Vetter, OD - Optometrist",health,google_type,high,Health & Medical,Primary Care
8dfd0a86-d29d-4588-bc25-9b45c018861b,luna's king Cleaning llc,service,name_keyword,med,Home & Property Services,Cleaning
90ae0e94-a116-4790-9645-40f8359b069e,PARKER PADDLE RENTAL,service,provider_subcat,high,On the Water,Boat & Watercraft Rentals
28c4c16b-41a5-4fc6-bc02-0ca825a047c0,Lavish Hair Studio,hair_salon,google_type,high,Beauty & Personal Care,Hair Salons & Barbers
846cb2f8-3404-45d6-8ab1-75ed6b6fa11d,Chase Home Lending,finance,google_type,high,Professional & Financial,Financial Advisors
08244d2e-c40f-48ec-ba9a-222659c3bbf6,Sure Guard Services,plumber,google_type,high,Home & Property Services,Plumbing
c3c1f189-ff8b-490e-9b66-3b7d61d83db4,GetAways at Havasu Dunes Resort,resort_hotel,google_type,high,Lodging,Hotels & Motels
31905710-8b94-41e8-8279-53606d442830,Just Meats,butcher_shop,google_type,high,Shopping & Retail,Specialty Food
695ea693-f467-494c-a2f9-265928f97bf5,Bradley Collision Center,car_repair,google_type,high,"Auto, RV & Marine",Auto Repair
7627c498-c709-450e-86b6-cd7b153f6d92,Topnotch Auto Locators 2525,car_dealer,google_type,high,"Auto, RV & Marine",Car Dealerships
e33fee0b-9f24-4bf3-b0a0-1bd90b240e89,"Arizona's Work Injury Firm (Formerly Snow, Carpio & Weekley, PLC)",consultant,google_categories,low,Professional & Financial,Attorneys
b6c9b2f2-623e-48eb-8ada-0bb096519e3e,Minute Key,locksmith,google_type,high,Home & Property Services,Security & Alarms
dafca2a4-c512-4b68-93e9-8d523fd9808e,GOODWILL,thrift_store,google_type,high,Shopping & Retail,Thrift & Consignment
cd1a1752-598b-42ef-80a4-5c1480513590,Havasu Mart,shopping_mall,google_type,high,Shopping & Retail,Gifts & Boutiques
359bd317-1548-46fc-9ad3-f83ed587c391,Safeway Pharmacy,pharmacy,google_type,high,Health & Medical,Pharmacies
b300e60c-da6a-4404-8762-472f4c5de84c,Kim Portz - Insurance Professionals of Arizona,insurance_agency,google_type,high,Professional & Financial,Insurance
ce00716b-ae6f-4f0c-893c-ce8d166b7365,JR RV Rentals,service,provider_subcat,high,On the Water,Boat & Watercraft Rentals
95baaef7-7455-4e3a-9ef1-d22a3f9efe1b,Havasu Pest Control,service,name_keyword,high,Home & Property Services,Pest Control
61177e0f-0266-4de6-96e4-1f562158faf8,Kitten PAWS,clothing_store,google_type,high,Shopping & Retail,Clothing & Apparel
bb83f0bf-7773-4f32-b103-217515605709,"Mohave Mist & Spa - Hot Tubs, Outdoor Kitchens, Misting Systems Lake Havasu City",store,google_categories,low,Shopping & Retail,Sporting Goods
b03f195c-2b63-4f7f-8d54-b50bb4a3beac,Loaded Gun Coffee,food_store,google_type,high,Shopping & Retail,Specialty Food
4af58424-8a80-46d8-ba72-02aa09f97ceb,Shoreline Plumbing Sales Services,plumber,google_type,high,Home & Property Services,Plumbing
a3413aeb-65e1-44ff-a462-d88b2da27789,Riverbound Custom Storage & RV Park,rv_park,google_type,high,Lodging,RV Parks & Campgrounds
6f9c25af-d2a2-4a84-b848-f3c5fee93815,Lake Havasu London Bridge Tattoo,store,name_keyword,high,Beauty & Personal Care,Tattoo & Piercing
9c2d4024-cbc4-428b-9d2a-fb04274472d8,Teri Parcells Notary,association_or_organization,google_type,high,Community & Civic,Nonprofits & Charities
952b7e75-e36a-4d38-9491-16753e4d3bbb,River Sun Tanning,tanning_studio,google_type,high,Beauty & Personal Care,Tanning
0ff82b15-fe37-4da2-b91c-be29fafe4e43,"Sandra Davidson, OD - Eyeglasses",health,google_type,high,Health & Medical,Primary Care
6c442b08-ed5b-4aaa-9249-4cca07b8e7e2,Crown Mobile Detailing,,provider_subcat,high,On the Water,Boat & Watercraft Rentals
b9176c30-aa54-4ae2-8490-377c130f5c13,Star Nursery Garden Center,garden_center,google_type,high,Shopping & Retail,Hardware & Home Improvement
4a19608d-52ff-4a75-8764-f2cfc7990702,Lhc Construction,general_contractor,google_type,high,Home & Property Services,General Contractors
54d203f1-3b2d-471c-bd5e-5ee4a5af6ee0,Maverik,gas_station,google_type,high,"Auto, RV & Marine",Gas Stations
00631b8e-2c69-4b85-a15b-e2c68b2edd29,Home | RockerBens Music Lessons,school,google_type,high,Family & Education,K-12 Schools
ed90b0c1-8858-4aa2-a334-49d0f56f2da7,Lake Havasu State Park Campground,campground,google_type,high,Lodging,RV Parks & Campgrounds
cb99650e-1438-4be0-a5e8-79ceb136ff8b,Hype Clothing Co,clothing_store,google_type,high,Shopping & Retail,Clothing & Apparel
a377845f-9adf-46a4-86d0-ec2ea9e7706d,KimCo Solar Sales,service,name_keyword,high,Home & Property Services,Solar
bb6be5aa-2a94-400a-b50e-5cd34061dd1d,Sensible Electrical Solutions,electrician,google_type,high,Home & Property Services,Electrical
056d0540-4fc5-41a2-9411-bf978ed64e0d,Michelle Pepper KW Arizona Living Realty Associate Broker ABR/CMOE/CRS/GRI,service,name_keyword,high,Professional & Financial,Real Estate
3af9414a-ab79-4166-9885-8ee50e3e342e,Main Street Commons,park,google_type,high,Outdoors & Recreation,Parks & Playgrounds
a779a95d-ea7a-4dc7-bc7d-1ac4ee23149d,Novak Animal Care Center,veterinary_care,google_type,high,Pets,Veterinarians
6cc7d40c-0203-45ff-a375-e3b6274e5c17,The COLLINS TEAM at Realty ONE Group Mountain Desert,service,name_keyword,high,Professional & Financial,Real Estate
eb536b98-4179-45de-8b97-1ac1cfb81074,Devett Development LLC,general_contractor,google_type,high,Home & Property Services,General Contractors
e5c3b2f5-a82c-4764-b949-4b05f9da7765,Studio 6 Hotel Lake Havasu,motel,google_type,high,Lodging,Hotels & Motels
026ff334-4173-4488-a8ce-24332bbce406,At The Bridge Rentals,service,provider_subcat,high,On the Water,Boat & Watercraft Rentals
fbcd8c94-d594-4cc1-b80d-4d8ae4ed3879,Havasu Technologies,service,llm_judgment,low,Professional & Financial,Computer & IT Repair
2cf050f5-a48c-4d31-a4c4-919d89a49e34,Five Diamond Vapour,store,llm_judgment,low,Shopping & Retail,"Smoke, Vape & Cannabis [NEW]"
f4a95503-ac02-4278-ad9d-9d83b8522a26,Randy Shuffler | Realty One Group Mountain Desert,real_estate_agency,google_type,high,Professional & Financial,Real Estate
e2f52d91-d848-4d74-b8a3-2303a35bff2e,Safeway,grocery_store,google_type,high,Shopping & Retail,Grocery & Markets
f45688a9-116a-4ebb-bfee-4aa3b0bd4fdc,Chico's Tacos,mexican_restaurant,google_type,high,Eat & Drink,Restaurants
577aa6f7-0d03-4af1-8b6a-f4e8dd3c887c,Bridgewater Behavioral Health PLLC.,medical_clinic,google_type,high,Health & Medical,Primary Care
165b7dd9-dfb0-4e70-a4cf-82564907fa06,L A Styles,clothing_store,google_type,high,Shopping & Retail,Clothing & Apparel
fc57d7f8-b427-473f-8fa2-8e90dc4024f1,Morgan Electric,electrician,google_type,high,Home & Property Services,Electrical
5d44ff9c-f935-4121-84cc-4ee48012d47e,"Serenity Dental, Lake Havasu City Dentist",dentist,google_type,high,Health & Medical,Dentists & Orthodontists
b7ffa7e5-8227-4bf5-9531-e0f0bbb4cc3f,Farm Fresh Medical/Recreational Marijuana Dispensary,store,llm_keyword,low,Health & Medical,Primary Care
edb82f0f-e73a-4bc6-a5f3-a644f63cef42,Yard Maintenance AZ,general_contractor,google_type,high,Home & Property Services,General Contractors
eff7afdd-f6da-43ee-a2d9-2b41409d4061,Shell,gas_station,google_type,high,"Auto, RV & Marine",Gas Stations
03fd4faf-9c42-4b8b-9fca-f88525cc7eca,Transworld Business Advisors of Western Arizona,finance,google_type,high,Professional & Financial,Financial Advisors
78950a4f-57a2-40e7-aa9c-c10348b35cd5,Number One Nail Expert & More,nail_salon,google_type,high,Beauty & Personal Care,Nail Salons
b6ea3c2b-d112-4cde-8a53-7884b4e6bf1e,"Craig Warner Mortgage Team at Novus Home Mortgage, a division of Ixonia Bank",finance,google_type,high,Professional & Financial,Financial Advisors
80fc67af-8070-46c9-b1f4-3e5bdb794076,Kevin O Brien,doctor,google_type,high,Health & Medical,Primary Care
c167a141-f449-4f89-b9cd-f7cbc6e1e680,Solar by Esmay,service,name_keyword,high,Home & Property Services,Solar
cb9e6166-f3cf-4442-bd5e-9086651a78b8,pinit co,clothing_store,google_type,high,Shopping & Retail,Clothing & Apparel
e1f8ac29-b894-428e-87c8-325618d8ad5f,"Havasu Ear, Nose & Throat",medical_clinic,google_type,high,Health & Medical,Primary Care
5e5f3107-1f5c-416f-8d32-2077ec5ae3cd,Agave Physical Therapy,medical_clinic,google_type,high,Health & Medical,Primary Care
064a25f9-d734-42f8-b42b-71472c1824ea,"NextCare Urgent Care, Lake Havasu City",medical_clinic,google_type,high,Health & Medical,Primary Care
21757bfa-55cc-4491-8c03-d498c7dac14d,Cornerstone Family Healthcare,medical_center,google_type,high,Health & Medical,Primary Care
8798125d-9b9f-4465-ba8c-14da2eec10b6,Beautiful Beards Pet Spaw,pet_care,llm_judgment,high,Pets,Grooming
28046216-1eaa-445f-b012-4f59c086c567,Lake View Terrace Memory Care,health,google_type,high,Health & Medical,Primary Care
0f6425cb-d611-4961-b4b7-5ce1ae0e3416,Tractor Supply Co.,store,name_keyword,med,Shopping & Retail,Hardware & Home Improvement
6a8c43d2-9ca6-4b46-9cc9-4be93e1985fd,Yogurt Paradise,dessert_shop,google_type,high,Eat & Drink,Bakeries & Desserts
7ab0b668-7a6e-45e8-a30f-0975aba4408c,Arevalo Academy,sports_school,google_type,high,Family & Education,Kids' Classes & Camps
00e75234-65ac-4aa9-bc1c-f24225faef1e,Absolute Boat & RV Storage,storage,google_type,high,Home & Property Services,Self-Storage
33902a8d-2b64-4d03-b039-7a090f5841b0,Dust Bunny Cleaning,service,name_keyword,med,Home & Property Services,Cleaning
29b415b1-6187-4542-9e99-b77024c6cbc4,Twisted Powersports,auto_parts_store,google_type,high,"Auto, RV & Marine",Auto Parts
fa548f70-088e-491e-a3cd-03d4864a80cd,Havasu Boat & Storage,storage,google_type,high,Home & Property Services,Self-Storage
e3c5c472-de26-43e9-b789-aa30d02ca496,Arizona Kidney Disease and Hypertension Centers,medical_clinic,google_type,high,Health & Medical,Primary Care
3f59f10d-f59a-437a-93c3-c137be569e93,JB Odd Jobs & Repairs & restorations of Havasu,service,google_categories,low,Home & Property Services,General Contractors
a7f53544-78f9-426d-9b50-e59696ecba89,Terrible Herbst Convenience Store,convenience_store,google_type,high,Shopping & Retail,Convenience
2814875a-5c07-40ac-a022-1ceadd671a5d,Aesthetic Solutions of AZ,spa,google_type,high,Beauty & Personal Care,Day Spas & Massage
5a3d1355-dbeb-4f7c-803f-65d510cd6e20,London Bridge Plumbing Inc,plumber,google_type,high,Home & Property Services,Plumbing
76120f76-a3e6-455f-ad53-988368111f46,Lakeside Electric,electrician,google_type,high,Home & Property Services,Electrical
57dcc66d-0257-437e-87b0-9e8294328800,Prestige Rv and Auto Sales,car_dealer,google_type,high,"Auto, RV & Marine",Car Dealerships
5c0004af-c532-4122-a480-0cfaff80b77b,Lakeside Orthopedic Institute,medical_clinic,google_type,high,Health & Medical,Primary Care
1952b8eb-c4a8-42cb-8536-a1321cc0e785,Range Insurance,insurance_agency,google_type,high,Professional & Financial,Insurance
3b20255e-3660-435c-8bbe-80408d75f5c4,ACT Mental Health Services,medical_clinic,google_type,high,Health & Medical,Primary Care
6d969590-e346-41d0-b523-e5ad1915a4b6,Campbell Brothers Storage,storage,google_type,high,Home & Property Services,Self-Storage
3d54253a-a250-4775-b6ea-4a9fd4a57b3d,Golden Phoenix | Chinese Restaurant,chinese_restaurant,google_type,high,Eat & Drink,Restaurants
2b31f52d-ca48-44d6-8744-6afea9bb44af,"Ana Helen's Commercial Cleaning Service, LLC",service,name_keyword,med,Home & Property Services,Cleaning
4a83f8a0-144a-4fa4-a103-06ac63caafbe,Chrissy's,clothing_store,google_type,high,Shopping & Retail,Clothing & Apparel
bafe0d43-37c5-4589-a846-85496314af21,KC Auto Paint & Supplies,auto_parts_store,google_type,high,"Auto, RV & Marine",Auto Parts
05a3319b-778b-4720-b268-318319298d38,Diablo Landscaping Incorporated,general_contractor,google_type,high,Home & Property Services,General Contractors
b6052ac4-db08-411f-bbcd-e844a7970164,"Havasu Hardware, Inc.",hardware_store,google_type,high,Shopping & Retail,Hardware & Home Improvement
623d9399-a2ad-4b7c-acd1-0f2f02329927,"Paleo to Go, Inc",restaurant,google_type,high,Eat & Drink,Restaurants
2f427073-cb3c-4d76-98ec-3ce4427472c3,CindyRella'z Hair Salon,hair_salon,google_type,high,Beauty & Personal Care,Hair Salons & Barbers
33b515c3-6965-4c35-a84b-10eccd27a42f,Tavern 95,bar_and_grill,google_type,high,Eat & Drink,Restaurants
7520806f-3cf5-4cd0-ba16-276f5ab81922,Essco Wholesale Electric,service,name_keyword,high,Home & Property Services,Electrical
1bc36f32-569e-43fd-9ada-b597fb33ffc7,Lakeside tattoo and piercings,body_art_service,google_type,high,Beauty & Personal Care,Tattoo & Piercing
d8507264-1e1d-4c9f-9ebf-0fa4f4ddea7d,Guiboa Motorsports,sporting_goods_store,google_type,high,Shopping & Retail,Sporting Goods
c44e4fbd-1616-43e6-bb8c-dab3da8f2769,GOLDWATER BANK,bank,google_type,high,Professional & Financial,Banks & Credit Unions
c9d8afe9-9f4a-4493-8088-cc5a16e14fda,Lake Havasu Rodeo Grounds,sports_activity_location,google_type,high,Outdoors & Recreation,Parks & Playgrounds
1d9e7c54-e18b-4f66-aa2b-4a0d49932484,StorWise - Windsor Beach,storage,google_type,high,Home & Property Services,Self-Storage
e8f64d9f-0c57-4595-ac7d-9eb131d24aea,Sunstone Real Estate Group at Coldwell Banker Realty,real_estate_agency,google_type,high,Professional & Financial,Real Estate
d632fa9f-0a64-49fe-a868-eada4d83b80d,Pro-Marine,service,provider_subcat,high,On the Water,Boat & Watercraft Rentals
da2ff634-0549-4ab3-beee-0d7494e4d483,Tasty Waves,american_restaurant,google_type,high,Eat & Drink,Restaurants
e7254c17-0188-43a8-8656-0b0aaca99b9a,Wirefree Communications,service,llm_judgment,low,Professional & Financial,Computer & IT Repair
69d78fdd-d5ec-4067-9e1c-5c91b9bd22e0,Lake Havasu RV and Boat Rentals,service,provider_subcat,high,On the Water,Boat & Watercraft Rentals
05572fde-98a9-4f46-b3f9-b1daa2272e0c,ABC Solutions Counseling,health,google_type,high,Health & Medical,Primary Care
2c92f3b3-7374-4c3b-a6f3-7ad1e4f37c2e,Sam's Place,breakfast_restaurant,provider_subcat,high,Eat & Drink,Restaurants
9a0a21b3-3934-4c8d-8a4e-7d56143768ed,Blue Water Pool Services,general_contractor,google_type,high,Home & Property Services,General Contractors
301c9cc7-1ed5-4241-81f5-0049ab757b75,Butters Boat valet & Concierge services,transportation_service,provider_subcat,high,On the Water,Boat & Watercraft Rentals
db56666a-735e-43c3-95e4-31070b26fd43,Rock Paper Scissors,hair_salon,google_type,high,Beauty & Personal Care,Hair Salons & Barbers
30e93bfd-4945-4dfa-a208-baa01f091da2,Stand Up Jet ski Rental,service,provider_subcat,high,On the Water,Boat & Watercraft Rentals
9e5ff591-4142-4d10-ab69-11ba5faa927f,Coldwell Banker Realty Lake Havasu,real_estate_agency,google_type,high,Professional & Financial,Real Estate
fc965ef2-6ded-48e5-b884-8d5476cecb7a,Game Spot llc,casino,google_type,high,Things to Do & Attractions,Casinos & Gaming
5aff1977-3c14-4aa1-b54a-e6459d14c4c6,Megan And Erik's Water and Ice and Ice Cream,ice_cream_shop,google_type,high,Eat & Drink,Bakeries & Desserts
8b04564a-d19f-4bce-ac44-70eb286f3115,Michael Alan Furnishings,furniture_store,google_type,high,Shopping & Retail,Furniture & Mattress
a67af821-2b02-4467-a412-0edc1c23b718,Kreative Hair Works,beauty_salon,google_type,high,Beauty & Personal Care,Hair Salons & Barbers
064c6042-70f0-4f84-94f1-7bc5b27c18bb,Get Free Solar Estimate,service,name_keyword,high,Home & Property Services,Solar
d0799095-7757-4926-87fc-4d2241d1ee9a,️NEW! Lake Havasu City Oasis w /Private Pool Spa,lodging,google_type,high,Lodging,Hotels & Motels
28c9ff4f-edff-4c86-92b1-b03fdc0dac8a,"Edward Jones - Financial Advisor: Scott M Hartman, AAMS®",consultant,name_keyword,med,Professional & Financial,Financial Advisors
85eadcc1-a758-4e09-ab8c-77adaa5dd19c,Paradise Sales & Property Management,service,llm_judgment,low,Professional & Financial,Real Estate
e619b843-d6e7-4f44-92f7-17d048cc5e50,Lake Havasu Retreat with Pool and Spa! - Holiday Home,lodging,google_type,high,Lodging,Hotels & Motels
15650522-ce2d-4a31-b73b-f90a5ebfed2e,Precision Tree Service Lake Havasu City,service,name_keyword,high,Home & Property Services,Landscaping & Lawn
7a0179fc-8b00-4482-b191-b472055c4a6e,"Hi-Tech Mortgage, Inc.",finance,google_type,high,Professional & Financial,Financial Advisors
e4e04178-27e2-4c1f-af7a-09c783f8f5c2,Commercial Lending Lake Havasu City ZA,finance,google_type,high,Professional & Financial,Financial Advisors
efe917bc-f552-453e-89f3-9fe2ae464927,Stanton Patricia L,doctor,google_type,high,Health & Medical,Primary Care
5218e7ec-8522-4582-ada6-c8eb6f6e1053,Campbell Cove RV Resort,rv_park,google_type,high,Lodging,RV Parks & Campgrounds
b62ee130-c8b5-4404-8a10-d5a57657f4e0,Sara Park Trail Head,hiking_area,google_type,high,Outdoors & Recreation,Hiking Trails
272953b1-d63b-4bc4-93cd-655076f86c73,D Tax LLC,lawyer,google_type,high,Professional & Financial,Attorneys
589a4d32-b7fa-4157-829a-6e2bccc80fb3,London Bridge Chevron,gas_station,google_type,high,"Auto, RV & Marine",Gas Stations
630b2cc6-dfaf-4b85-86e8-2552080fa9f3,Against All Enemies Armory,sporting_goods_store,google_type,high,Shopping & Retail,Sporting Goods
1fa67447-f401-4159-a1ec-b8b1dddfc0fc,Monch,restaurant,google_type,high,Eat & Drink,Restaurants
2f58427d-d595-40f5-93d1-1d288dfee641,Lake Havasu Hospital,hospital,google_type,high,Health & Medical,Urgent Care & ER
2064cf2b-0f86-42f4-9597-27ea2bcb8dcb,"Pavement Optional Motorsports. ABC, Automotive, Off Road, Overland and Performance.",car_repair,google_type,high,"Auto, RV & Marine",Auto Repair
5655ed4d-85d6-41e1-a141-ba21f308f629,Stefick Plumbing and Drain,plumber,google_type,high,Home & Property Services,Plumbing
911e6dfb-ed8f-4ef5-8b91-76329e6b6806,Hardy's Tree Service,service,name_keyword,high,Home & Property Services,Landscaping & Lawn
685a8beb-f6a3-428e-92a0-7929a7fb5a77,"Edward Jones - Financial Advisor: Brandon J Warner, CEPA®",consultant,name_keyword,med,Professional & Financial,Financial Advisors
94e941be-9c5a-4191-af3c-661051a66e13,Yonder Park,park,google_type,high,Outdoors & Recreation,Parks & Playgrounds
b26e21eb-8c91-47f7-a7af-9f15a9b47dec,Sway Hotel,hotel,google_type,high,Lodging,Hotels & Motels
d29ecccd-dbef-4de1-b7e6-38cb68bd0a57,"Chrysalis Wealth Management - Ameriprise Financial Services, LLC",consultant,name_keyword,med,Professional & Financial,Financial Advisors
581579af-2efc-480f-9441-3e2e4a702acf,Marina Store,store,name_keyword,high,On the Water,Marinas & Launch Ramps
a46f8da7-39f9-4ebc-a6ca-859d8fe8268c,River Rat Yacht Club,service,provider_subcat,high,On the Water,Boat & Watercraft Rentals
7f7c00a8-471b-41c2-843a-9c647e837c59,La Luna Lounge,beauty_salon,google_type,high,Beauty & Personal Care,Hair Salons & Barbers
63316527-58ff-4a09-b54e-1f24986fe3d2,Walmart Pharmacy,pharmacy,google_type,high,Health & Medical,Pharmacies
99f0992f-f647-438d-ae44-3e4163e88f96,Lake Havasu Family Eyecare,medical_clinic,google_type,high,Health & Medical,Primary Care
0c4ccbd6-03e8-4731-af12-59ad892df6ae,Super Storage,storage,google_type,high,Home & Property Services,Self-Storage
55021400-2458-429b-bd52-bf8f96b332c8,Defender Pest Control,service,name_keyword,high,Home & Property Services,Pest Control
0dcc620a-f0eb-4dbd-b15b-500abb9de3bc,Showplace Fashion Furniture,furniture_store,google_type,high,Shopping & Retail,Furniture & Mattress
19008d63-a742-46ff-acf9-995acbbb636d,Massage Lake Havasu,massage_spa,google_type,high,Beauty & Personal Care,Day Spas & Massage
e78f45df-3851-4ab1-8634-4ea582b8c358,Ashley Store,furniture_store,google_type,high,Shopping & Retail,Furniture & Mattress
25dd3256-212b-422c-9f1c-bff21c75889f,Circle K | Gas Station,gas_station,google_type,high,"Auto, RV & Marine",Gas Stations
0041a98d-6a5c-4b84-887a-4c41f3823c62,Jacklyn's Nail Studio,nail_salon,google_type,high,Beauty & Personal Care,Nail Salons
2d0b8e56-6f56-4a4a-a0da-331e2120b28d,Sunny Arizona Oasis w/ Views - 2 Mi to Lake Havasu,cottage,google_type,high,Lodging,Hotels & Motels
fe2962cd-01b4-4c46-a0ea-f82ed70df182,Artesa Resort,rv_park,google_type,high,Lodging,RV Parks & Campgrounds
4bee7514-ce72-430a-a8e1-52bd29670091,Chevron Lake Havasu City,gas_station,google_type,high,"Auto, RV & Marine",Gas Stations
54f6411f-37c9-406c-acd1-bca0874d2dc0,Bombora Beachwear,sporting_goods_store,google_type,high,Shopping & Retail,Sporting Goods
07837afa-4e92-40fa-beef-d4212b75a5b4,Custom T'z Recovery Store & Havasu Souvenirs,store,llm_keyword,low,Health & Medical,Mental & Behavioral Health
aa7b04e4-06fa-427f-823c-5bbcfa758003,"Russell Financial - Tax, Estate & Retirement Planning",consultant,name_keyword,med,Professional & Financial,Financial Advisors
4485e197-d0a6-4e07-bc05-208e9c39f2ae,Queens Real Estate By Connie,real_estate_agency,google_type,high,Professional & Financial,Real Estate
902d9c00-05fc-4c78-bf8a-0166938a4f5b,California Motorsports Inc,car_repair,google_type,high,"Auto, RV & Marine",Auto Repair
c43b266e-7eff-43d0-8072-a6efba16bf28,The Well Chiropractic & Functional Medicine,chiropractor,google_type,high,Health & Medical,Chiropractic
8cd86fc7-6587-4ab6-b880-a01fb58a2ab5,Mohave Traffic School,educational_institution,google_type,high,Family & Education,Colleges & Higher Ed
d0fbc609-c079-4380-a034-00c2703c922a,Hava Style Recreation,supplier,google_categories,low,"Auto, RV & Marine",Car Dealerships
3e0f9ce3-9269-4874-8a39-ca4b575e4d00,Majik Bistro & Milkshakes,family_restaurant,google_type,high,Eat & Drink,Restaurants
7a1944da-9d8d-4bd1-970b-12e98758ecf0,Parker Pest Control,service,name_keyword,high,Home & Property Services,Pest Control
99071864-932f-435d-bd34-2d399e96dc44,Kimberley Portz - Insurance Professionals of Arizona,insurance_agency,google_type,high,Professional & Financial,Insurance
6f40bbbf-b768-4adc-a0b2-c0dc57662960,Paws and Claws Animal Care,veterinary_care,google_type,high,Pets,Veterinarians
f4239ba9-1b11-4a7d-b8de-40cc5e63d7a4,"BBB, Pacific SW - Lake Havasu City",non_profit_organization,google_type,high,Community & Civic,Nonprofits & Charities
29784337-4ff6-4a4e-9e21-7b45ddf0397d,Da-Lu Insurance Havasu Agency,insurance_agency,google_type,high,Professional & Financial,Insurance
ca623dec-876b-4ce5-b8aa-b38be1931008,Ichiban Sushi,sushi_restaurant,google_type,high,Eat & Drink,Restaurants
d205cb5b-470e-450a-aa90-6807c90ce992,HavaChiro at Huffman Chiropractic,chiropractor,google_type,high,Health & Medical,Chiropractic
0d32e7dd-1279-4123-8618-d24d273fe3e9,Calvary Christian Academy,school,google_type,high,Family & Education,K-12 Schools
2b434219-c62e-45c0-9d60-44845514b938,Anderson Automotive Group,car_dealer,google_type,high,"Auto, RV & Marine",Car Dealerships
3f004792-6423-4a43-ab3f-419a84cb1252,A Bird Freedom Support,sporting_goods_store,google_type,high,Shopping & Retail,Sporting Goods
cca41d92-cd58-4596-8652-769f812eca9a,Dry Dock Powersports,service,provider_subcat,high,On the Water,Boat & Watercraft Rentals
854e510f-47de-46c0-a44c-3dbd5e03382e,Inspire the Church,church,google_type,high,Community & Civic,Places of Worship
44b88f14-5fcb-449e-bd57-eed608202dfc,Cartronics,auto_parts_store,google_type,high,"Auto, RV & Marine",Auto Parts
10a4055a-0693-43e5-aad0-83c200c43bae,Havasu Solar,service,name_keyword,high,Home & Property Services,Solar
08396e66-2def-478d-8758-8ac05abc7eea,Gold Star Engraving & Awards,store,google_categories,low,Shopping & Retail,Gifts & Boutiques
999eafe1-f94f-4287-90bc-79fe32e8338a,"Harley Finkle, DC",chiropractor,google_type,high,Health & Medical,Chiropractic
a15d95ec-2304-484b-8d11-9aa88ef397e4,Frontier Adjusters Inc,insurance_agency,google_type,high,Professional & Financial,Insurance
ddd3731e-5d84-42f1-8c31-2025bf9d4778,Lake Havasu City Library,library,google_type,high,Community & Civic,Libraries
8337f853-865f-41fa-ba16-92bad0338f0f,Contractor Insurance Specialists LLC,insurance_agency,google_type,high,Professional & Financial,Insurance
16853b2d-67f2-4112-9521-fd4ad4f7e3cd,"Dr. Kevin J O'Brien DPM, Inc",doctor,google_type,high,Health & Medical,Primary Care
4c9535cf-92ec-424f-9775-0a7a3d121791,Touch of Essence,massage,google_type,high,Beauty & Personal Care,Day Spas & Massage
1eef13a5-a4b6-4302-bae2-379793578632,Desert Ridge Landscaping-Maintenance,general_contractor,google_type,high,Home & Property Services,General Contractors
300896e3-9f0c-41c3-8250-ae57a3e2c541,IMAGE MARINE,store,llm_keyword,low,On the Water,Boat & Watercraft Rentals
e570a14e-a1a0-4967-8c64-0b96a06191a0,Brake Masters #177,car_repair,google_type,high,"Auto, RV & Marine",Auto Repair
48694c2a-0336-42e3-ac52-c5a769be38bb,Lake Havasu Black Belt Academy LLC,sports_school,google_type,high,Family & Education,Kids' Classes & Camps
91748e9e-51d4-425f-bf30-0497026baf78,Naturopathic Family Practice,service,name_keyword,med,Health & Medical,Primary Care
48f4e5f5-c33c-4f4b-aa27-60a749fb7630,PATRIOT Property Care,service,google_categories,low,Home & Property Services,General Contractors
c827d605-d40e-4c7d-a26c-2da4d4fba408,2 Mi to Lake Havasu: Poolside Paradise!,cottage,google_type,high,Lodging,Hotels & Motels
eef4ebd7-c93b-4960-88fb-ffc3d74e5422,Mills Brothers Furniture,furniture_store,google_type,high,Shopping & Retail,Furniture & Mattress
dd6c7637-9d66-4244-8ac7-2699edc2feb2,AZ Party Express,service,provider_subcat,high,Things to Do & Attractions,Landmarks & Sights
2586c7a0-57db-4f21-b886-8714ea908078,Riviera Lake Havasu,general_contractor,google_type,high,Home & Property Services,General Contractors
4952b63c-f0dc-4683-85f3-7d238f1bd1c6,Terrible Herbst Country Store,convenience_store,google_type,high,Shopping & Retail,Convenience
a0157542-d292-4da9-aadd-a24b2e0618ae,Barnet Dulaney Perkins Eye Center,medical_clinic,google_type,high,Health & Medical,Primary Care
e0cef89b-cb65-418e-a478-2150f936fe84,Cmg Auto Glass,car_repair,google_type,high,"Auto, RV & Marine",Auto Repair
228af817-c239-4908-b42f-4a7aab443221,Sunrise Pharmacy,pharmacy,google_type,high,Health & Medical,Pharmacies
2b2405fc-76fc-4377-89b1-64635b186da5,The Shops At Lake Havasu,shopping_mall,google_type,high,Shopping & Retail,Gifts & Boutiques
92f07664-8974-4678-b288-2486699a0811,Healing Touch Massage,massage,google_type,high,Beauty & Personal Care,Day Spas & Massage
4a98e9e3-6924-4fbb-add9-77b560acb8c8,"Pool, Game Room, Hot Tub: Lake Havasu City Oasis!",cottage,google_type,high,Lodging,Hotels & Motels
52967ed0-009b-4111-8c4d-f708687b6a5f,Marathon,gas_station,google_type,high,"Auto, RV & Marine",Gas Stations
03c1857e-e1cd-478a-9417-35c50d82a998,Havashoes,shoe_store,google_type,high,Shopping & Retail,Shoes
5a77c989-19ab-4f87-9a5d-e33fd09aa865,Havasu Gear,clothing_store,google_type,high,Shopping & Retail,Clothing & Apparel
9302ab14-18c0-41b3-9239-fdd5c56e674e,Ohmalliancellc,pharmacy,google_type,high,Health & Medical,Pharmacies
b51cdae3-5c1e-4c4e-8cd4-95e9b6c4aa0b,Philip A St Raymond MD Adult and Pediatric Urology,doctor,google_type,high,Health & Medical,Primary Care
99c8a102-680c-4f2d-afa3-3bf71ede1bb6,Havasu Pools & Repairs,service,google_categories,low,Outdoors & Recreation,Parks & Playgrounds
c5001b0a-dced-404d-9257-5bda71ce025b,"Renee Nelson, LPC",medical_clinic,google_type,high,Health & Medical,Primary Care
964c7c32-8c08-4d11-b8fc-f700b930c62c,Crown Jewels of Havasu,jewelry_store,google_type,high,Shopping & Retail,Jewelry
d6cd7a06-3c29-4b23-b686-fc4fd6f0463a,The Jewels by Christina,jewelry_store,google_type,high,Shopping & Retail,Jewelry
f23a3026-36ba-49c1-bb67-6492b5953fd7,Havasu View RV Space,rv_park,google_type,high,Lodging,RV Parks & Campgrounds
ae085f54-2b59-4e4e-849c-917580dc56c1,Tasha cleaning handyman services,service,name_keyword,med,Home & Property Services,Cleaning
6f84c6d5-16a7-485a-b7a9-f98ba55a29ba,CVS Pharmacy,pharmacy,google_type,high,Health & Medical,Pharmacies
8c59faab-e41c-4fa1-8e59-5214a48f89d3,Limited Edition Comics,book_store,google_type,high,Shopping & Retail,Gifts & Boutiques
5cee611a-83b5-4153-993f-5d2d5864077b,Express Health AZ,health,google_type,high,Health & Medical,Primary Care
a0e91d94-1a33-4f91-a32d-b5a0f3d2e806,Hobday Enterprises,hardware_store,google_type,high,Shopping & Retail,Hardware & Home Improvement
3e4c5404-da3c-49fc-934c-db96a1e78ea6,SARA Park Disc Golf Course,athletic_field,google_type,high,Outdoors & Recreation,Parks & Playgrounds
a8b74f63-9cf4-4160-956a-0668e720b906,London Bridge Resort,hotel,google_type,high,Lodging,Hotels & Motels
224d0c29-d264-499f-a705-a989c6b6e00a,London Bridge Wellness Center,massage,google_type,high,Beauty & Personal Care,Day Spas & Massage
878a5481-c6f3-437a-937f-ea2f2176b549,Buckman Cary DVM,veterinary_care,google_type,high,Pets,Veterinarians
db02a1c1-8964-4443-89fb-a1bb7e9147b8,SECOND TIME AROUND VINTAGE,store,llm_judgment,low,Shopping & Retail,Thrift & Consignment
1f19aaef-8a18-484b-bd22-126875cd8287,Tyanna Renee Gallery,art_gallery,google_type,high,Things to Do & Attractions,Museums & Galleries
c5e64a1c-882c-4bea-9c4c-e9f35b434167,"Beauty Slayer's Salon, Nails, Lashes & Suites",beauty_salon,google_type,high,Beauty & Personal Care,Hair Salons & Barbers
e97a7de5-08ae-44fa-9f1c-662b102d590f,Manco services,electrician,google_type,high,Home & Property Services,Electrical
18c9b196-0780-4ff9-baa3-df4b0f71bec8,All Green Pest Control,service,name_keyword,high,Home & Property Services,Pest Control
56ca3c0a-b771-4a3d-bb65-34db52d60672,Heart of Gold Fine Line Tattoo and Art Studio,store,name_keyword,high,Beauty & Personal Care,Tattoo & Piercing
81197589-97bc-4ede-8ada-ce1efb0c2571,Ben Hicks Yoga,yoga_studio,google_type,high,Fitness & Wellness,Yoga & Pilates
f3dacfd1-9c96-40b8-8fcc-9e6963a6c1e9,Javelina Cantina,mexican_restaurant,google_type,high,Eat & Drink,Restaurants
0645daef-69b0-4130-afed-e89f6c7f06db,London Brige. Electric inc,electrician,google_type,high,Home & Property Services,Electrical
10b9e78c-17bc-4c14-a221-98c12f789064,Bill Chambers Roofing,roofing_contractor,google_type,high,Home & Property Services,Roofing
1d56650c-f801-43f3-92d7-66b4e534133a,Rent-A-Center,furniture_store,google_type,high,Shopping & Retail,Furniture & Mattress
d5994535-414f-4a63-b080-a9534bc7d04b,World Insurance Associates LLC,insurance_agency,google_type,high,Professional & Financial,Insurance
d35d3e9b-0a45-4631-9b46-ec9175745cac,"james avery artisan jewelry, James Avery Craftsman",jewelry_store,google_type,high,Shopping & Retail,Jewelry
293c5ffe-2db4-4101-b1f6-69f159c7e10f,Desert RV Werks RV Repair Mobile,car_repair,google_type,high,"Auto, RV & Marine",Auto Repair
cdb55a86-0800-4a6c-a74c-8badb9bd0336,Milemarkers-Lake Havasu City,medical_clinic,google_type,high,Health & Medical,Primary Care
851a6f9d-eb60-42b8-9b4a-888eeb473bef,JDT Accounting & Tax,consultant,name_keyword,high,Professional & Financial,Accountants & Tax
d8ef1653-8f75-4ba0-8d77-f3c2159862ed,ShotVet @ PetSmart,veterinary_care,google_type,high,Pets,Veterinarians
eacd78a9-8120-4ce0-9b91-b6f6f62754a5,PNC Mortgage,finance,google_type,high,Professional & Financial,Financial Advisors
143a6919-2702-45d6-bf11-652877e7b8f3,Tri-Tech Auto,car_repair,google_type,high,"Auto, RV & Marine",Auto Repair
566e91a8-a481-4ccc-ac73-a731c0ec3bf4,Lowe's Home Improvement,home_improvement_store,google_type,high,Shopping & Retail,Hardware & Home Improvement
fef21886-ad67-4a68-b3fc-891807b4b669,"Lake Havasu City Goodwill Retail Store, Donation Center and Career Center",thrift_store,google_type,high,Shopping & Retail,Thrift & Consignment
570a75e4-3973-485f-be2f-5c6a821abb4d,Havasu 95 Speedway,race_course,google_type,high,Outdoors & Recreation,Off-Road & OHV
6a37d79e-f854-48a3-b306-2944db716be2,Contour Your Body,spa,google_type,high,Beauty & Personal Care,Day Spas & Massage
0ca31f59-016b-4ca7-b615-350b770db943,Streamline Solar,service,name_keyword,high,Home & Property Services,Solar
28626fa0-9394-4658-9492-9fc53ea49a6f,Lakeview Community Church,church,google_type,high,Community & Civic,Places of Worship
2425fdd5-d9e7-4a1b-b1cd-b50a5129bd9a,Pamela's Boutique & Jewelry,jewelry_store,google_type,high,Shopping & Retail,Jewelry
3aee78aa-7792-446f-bdb6-14b7bc71e102,Black Bear Diner Lake Havasu,american_restaurant,google_type,high,Eat & Drink,Restaurants
e776ebeb-dc9f-44f9-82fb-3837959fd705,Mountain Desert Landscaping,general_contractor,google_type,high,Home & Property Services,General Contractors
29b63ea9-3941-4d07-96f6-df6bce568432,Tri-M Mini Mart,convenience_store,google_type,high,Shopping & Retail,Convenience
673b79c8-4467-42bd-bd2d-2d6ac3b8c3c7,Niko's Grill & Pub,bar_and_grill,google_type,high,Eat & Drink,Restaurants
dc8421ad-fd1f-47e3-92d8-f8131792b3ea,Velvet Rose Beauty LLC,beauty_salon,google_type,high,Beauty & Personal Care,Hair Salons & Barbers
d9ea8834-669c-4536-b071-585049d1e2f1,Lake Havasu Area Chamber of Commerce,association_or_organization,google_type,high,Community & Civic,Nonprofits & Charities
04a011a2-d3f7-44fc-9ac6-35d96bbaa784,Cleartone Hearing Centers,store,google_categories,low,Health & Medical,Primary Care
787bdd23-2b9a-4fc7-b230-bb73aae66c8f,The Q Art Gallery,art_gallery,google_type,high,Things to Do & Attractions,Museums & Galleries
62ccc480-b73d-4194-aa9a-f924d761f418,Glamazon Beauty,tanning_studio,google_type,high,Beauty & Personal Care,Tanning
4af6806c-dbd3-41a8-b056-7f346e30dd26,Viente Tax and Accounting Solutions,consultant,name_keyword,high,Professional & Financial,Accountants & Tax
92b35ca5-6cbc-4c42-9feb-b11747c07a1d,London Bridge Candle Factory,home_goods_store,google_type,high,Shopping & Retail,Furniture & Mattress
64b509a3-8a60-40f6-908a-8cb8153a8e7d,"Quail Ridge Dental: Jeffery Carver, DDS",dentist,google_type,high,Health & Medical,Dentists & Orthodontists
bc0926d5-d2a0-4594-bbf6-81fd44a9c433,The Bagel Bin and More,breakfast_restaurant,provider_subcat,high,Eat & Drink,Restaurants
a194bf98-5506-41dc-9ea0-10f11ef05925,Sunset Homes AZ,service,llm_judgment,low,Professional & Financial,Real Estate
53114147-c89a-4507-a87f-a648b753f92d,"Lake Havasu Real Estate - Lew Jabro, Realtor ~HavasuLew",consultant,name_keyword,high,Professional & Financial,Real Estate
b6f24d09-4e98-4868-b38d-f2a49830dcd2,Desert Experience UTV Offroad Rentals - Lake Havasu,service,provider_subcat,high,On the Water,Boat & Watercraft Rentals
4aababfb-2739-4ac2-b3e1-4b9a0ff8362a,Bump City Music,store,google_categories,low,Family & Education,K-12 Schools
558af03d-0b76-4866-9eaf-92b01cdc6418,Denny's Restaurant,restaurant,google_type,high,Eat & Drink,Restaurants
162d5460-0fa6-49db-8a63-cfad8ac6a77c,Premier Storage Condos Inc,storage,google_type,high,Home & Property Services,Self-Storage
c2b79ab3-11ca-4776-8465-40dea7de031e,Sunshine Air Conditioning Inc.,general_contractor,google_type,high,Home & Property Services,General Contractors
e2f513b8-3d1a-48e2-b37f-67baa1c39421,Cummins Construction Co Inc,general_contractor,google_type,high,Home & Property Services,General Contractors
aa42fd11-1d87-4b42-b769-184f72fe535c,Humberto's Taco Shop,mexican_restaurant,google_type,high,Eat & Drink,Restaurants
09392dd5-8f05-4fb0-b059-6c0da1ec057d,Comfort Keepers,health,google_type,high,Health & Medical,Primary Care
d4165a8b-c650-4257-aa69-5f5f3bb7486b,Lake Havasu Board of Realtors,real_estate_agency,google_type,high,Professional & Financial,Real Estate
cd436ad4-c4e4-4cac-aa9b-9350e34dd551,Head 2 Toes,beauty_salon,google_type,high,Beauty & Personal Care,Hair Salons & Barbers
bfde3ec0-6ad5-4b99-8ad2-f3b46b296f90,Air Control Home Services,general_contractor,google_type,high,Home & Property Services,General Contractors
ac62801b-906a-40cb-becc-e5a34e0a8963,Christ Alive Apostolic Worship Center,church,google_type,high,Community & Civic,Places of Worship
2092f0a5-0b6a-45fe-a67d-f33312ec0495,Lake Havasu City Real Estate,real_estate_agency,google_type,high,Professional & Financial,Real Estate
12d1462f-488b-411a-a30d-ca96009905a4,Lakeside Auto,car_repair,google_type,high,"Auto, RV & Marine",Auto Repair
770923da-6095-4a09-ad58-5b0fd998d773,Specialty Associates Surgery Care,medical_clinic,google_type,high,Health & Medical,Primary Care
15b1f750-2e36-47ba-af17-29187dff0704,Specialty Associates - Urology,medical_clinic,google_type,high,Health & Medical,Primary Care
d0084645-eca2-4ea3-ad7f-fb04b435da3c,stevenSMOKED,catering_service,google_type,high,Eat & Drink,Food Trucks & Catering
bbf44a6b-1ca4-40d9-9868-9d18ebaf5904,"Kingdom Hall of Jehovah's Witnesses--North English, South English, North Spanish, & South Spanish",church,google_type,high,Community & Civic,Places of Worship
980f25c9-c99e-4092-b5e6-2f8e85a41e3e,Dr. Stephanie Woo,health,google_type,high,Health & Medical,Primary Care
12ee2383-8175-4dee-a382-71303f8b0326,Big Easy Storage,storage,google_type,high,Home & Property Services,Self-Storage
798f6c0b-18c6-4b4c-ae6c-bd4727f2c1d6,Bradley Lincoln of Lake Havasu City,car_dealer,google_type,high,"Auto, RV & Marine",Car Dealerships
cfcfbbb1-b2c1-42b3-8b69-a2f78606a3dc,Arizona VIP Plumbing Sewer & Fire Protection,plumber,google_type,high,Home & Property Services,Plumbing
09039dc6-4396-459d-9893-711b53a0dcd4,Amici Pools,sporting_goods_store,google_type,high,Shopping & Retail,Sporting Goods
22567f5d-6d9e-4a21-8850-45ab57d47ee4,Dave's Boat & RV Storage,storage,google_type,high,Home & Property Services,Self-Storage
dddcee6e-9b8b-4c42-96d6-4d36ece64445,Windsor Inn,motel,google_type,high,Lodging,Hotels & Motels
78918abc-2130-45e1-a3fa-fbd9e432c021,"Noreen Gilmartin, Realty One Group Mountain Desert",service,name_keyword,high,Professional & Financial,Real Estate
0e4fe024-59c3-4eda-b8cf-987d87ff2796,Rubba Duck Safari Tour,tour_agency,google_type,high,Things to Do & Attractions,Tours & Sightseeing
6170ce6e-609f-4107-bfb8-e3ed8ed79bb1,Changing Times Thrift,store,name_keyword,high,Shopping & Retail,Thrift & Consignment
6e08e0e2-3c66-4335-9d38-2762a782d1de,"Tania Sobchuk, OD - Eye Doctor",health,google_type,high,Health & Medical,Primary Care
9702de52-6465-44d0-9b52-e82487dc9b28,Burns Builders,general_contractor,google_type,high,Home & Property Services,General Contractors
24222584-f0b3-4c00-adc9-cc21578cb53f,Paradise Tiki Tours of lake Havasu,tour_agency,google_type,high,Things to Do & Attractions,Tours & Sightseeing
e613fe04-0735-4914-b408-4b224ea7a85f,Wayne Edwards - State Farm Insurance Agent,insurance_agency,google_type,high,Professional & Financial,Insurance
28b22569-0c35-45d8-a400-e69efc19cf3c,Daulat Jaldeep DO,doctor,google_type,high,Health & Medical,Primary Care
f922e00b-3370-4c90-bb87-c40f977e9578,AGUA AZUL RENTALS LLC.,service,provider_subcat,high,On the Water,Boat & Watercraft Rentals
8898ce15-537b-4fbf-a208-13ff6e6531e8,"Dr. Jennifer Garcia, D.C.",chiropractor,google_type,high,Health & Medical,Chiropractic
a7219d56-face-4dfc-ab47-1a32301acb9c,Seery Construction,service,llm_judgment,low,Home & Property Services,General Contractors
0ecab925-3a24-47d6-9811-8d0fd767bebe,"Lisa Irwin Realtor in Lake Havasu City, AZ",service,name_keyword,high,Professional & Financial,Real Estate
750909f3-11fa-4762-8834-38b5ec96b519,Affordable Legal Document Services,consultant,name_keyword,high,Professional & Financial,Attorneys
7d40d077-35b8-462a-af21-47d2b455d7da,Boulevard Hair & Nail Salon,beauty_salon,google_type,high,Beauty & Personal Care,Hair Salons & Barbers
dc7fb51f-6446-49ab-a52a-bce80986eb61,Realty ONE Group Mountain Desert,real_estate_agency,google_type,high,Professional & Financial,Real Estate
c6b4a73f-570b-4db9-9063-da2955d47310,Cocoloco,mexican_restaurant,google_type,high,Eat & Drink,Restaurants
af98cb1b-7a9f-4ccd-8c5e-702b57086224,Lake Havasu City Seventh-Day Adventist Church,church,google_type,high,Community & Civic,Places of Worship
e809a722-e49c-463b-ac1d-2251d2b319ef,The Eye Spa at Lake Havasu Family Eyecare,medical_clinic,google_type,high,Health & Medical,Primary Care
3f5afe39-80a4-45d8-89ae-30a47fb76718,Clean Kort Pools,service,name_keyword,med,Home & Property Services,Cleaning
f003c740-048f-4736-9116-151278c94b4a,Havasu Tiki Tours,tour_agency,google_type,high,Things to Do & Attractions,Tours & Sightseeing
9f6840c0-c254-45cc-8947-d1232b2274db,Industrial Threads Clothing Company,clothing_store,google_type,high,Shopping & Retail,Clothing & Apparel
17b93105-11ee-4a9f-a3ae-52c4b61388fd,Beauty By Heidi Marie,beauty_salon,google_type,high,Beauty & Personal Care,Hair Salons & Barbers
d19d23c0-2e69-4a33-8ec1-e593182d1e82,The Broken Yolk,brunch_restaurant,google_type,high,Eat & Drink,Restaurants
22a81b3f-4096-446d-ae18-6da80027d51f,S-2 Contractors Inc,general_contractor,google_type,high,Home & Property Services,General Contractors
1dbe4f97-c5ee-4d1e-9f75-5cb228de3e72,Stutter Tattoo,store,name_keyword,high,Beauty & Personal Care,Tattoo & Piercing
ff427fbb-4957-44b9-b9a2-13f679a891ba,Healthy Massage Spa,massage_spa,google_type,high,Beauty & Personal Care,Day Spas & Massage
f7d1d44c-d7f5-4feb-8288-3cd3dc542af6,Altitude Trampoline Park,amusement_park,google_type,high,Things to Do & Attractions,Family Fun & Arcades
81482d34-f88f-4d27-b352-5add7b9073de,"Crystal Eppling, O.D. - Eye Doctor",health,google_type,high,Health & Medical,Primary Care
72bc8a82-411a-4205-84a2-a6d170fcc8d8,George Pest Control,service,name_keyword,high,Home & Property Services,Pest Control
bad321ae-3b5e-4627-bd92-cf22e2ae34b7,The Local Craving,dessert_shop,google_type,high,Eat & Drink,Bakeries & Desserts
9c9b4962-d966-48b2-ad8c-dc07dc1d5293,KeyMe Locksmiths,locksmith,google_type,high,Home & Property Services,Security & Alarms
e54944d3-5e84-47b4-8283-ebaa67883cb3,Valhalla Gaming,toy_store,google_type,high,Shopping & Retail,Gifts & Boutiques
2e403a97-4d7b-4ca7-81cd-dbf569cb1074,ML Mortgage Lake Havasu Branch,finance,google_type,high,Professional & Financial,Financial Advisors
3a8fd5d2-8672-4dd4-8581-ebee75a3ebe3,Havasu Realty,real_estate_agency,google_type,high,Professional & Financial,Real Estate
29a8997b-6988-4f96-a334-54e1ca612b23,Havasupai Elementary School,primary_school,google_type,high,Family & Education,K-12 Schools
3204d3a8-8b68-49fe-8f25-982b74a9a9b2,IHOP,breakfast_restaurant,provider_subcat,high,Eat & Drink,Restaurants
5aeefca9-b977-410a-99da-90374984e2f4,Christ Chapel (ECO),church,google_type,high,Community & Civic,Places of Worship
28eb450b-e578-48ac-b396-b5c1fdaddb6c,Grace Learning Center,educational_institution,google_type,high,Family & Education,Colleges & Higher Ed
7f655c17-f864-49e0-9409-97a6646947a8,TowBoatUS Lake Havasu City,service,llm_judgment,low,"Auto, RV & Marine",Towing & Roadside
0ee43eb1-63e3-4903-9e21-2991d922f69f,Shugrue's Restaurant and Brewery Group,steak_house,google_type,high,Eat & Drink,Restaurants
01afefa7-e2ec-4d48-8aab-80a53f88d270,High Octane Storage,storage,google_type,high,Home & Property Services,Self-Storage
e48647f8-afe0-432a-84c2-9c14055141f3,Quality Comfort Heating & Air,general_contractor,google_type,high,Home & Property Services,General Contractors
5cdbd996-5722-4535-8447-3e02876c3546,Alex Ross - State Farm Insurance Agent,insurance_agency,google_type,high,Professional & Financial,Insurance
4d1d6173-9dfc-4ef7-9770-057151e02381,Desert Hills RV Park,rv_park,google_type,high,Lodging,RV Parks & Campgrounds
ef96bfea-0326-48cf-ab19-3a4d98673410,Camel Towing,service,llm_keyword,low,"Auto, RV & Marine",Towing & Roadside
b079aede-a6b7-417e-9bae-9992019f43bb,Waterfront Storage Condominium,storage,google_type,high,Home & Property Services,Self-Storage
33969bfb-4822-47ad-b571-2e3835df0727,The Lewis Team - Lake Havasu Real Estate,service,name_keyword,high,Professional & Financial,Real Estate
1f122e16-2c97-4282-8ddd-cc91a27c8132,Marine View,service,provider_subcat,high,On the Water,Boat & Watercraft Rentals
b5dfa752-5b85-4697-855f-9ce3c4987673,Sunchief Lake Havasu ~ Luxury Home ~ Pickleball Court ~ Minutes from downtown,lodging,google_type,high,Lodging,Hotels & Motels
e3af5e7e-99d3-47eb-bf8a-5f3d74bbd306,"First Church of Christ, Scientist and Christian Science Reading Room",church,google_type,high,Community & Civic,Places of Worship
ffa5f218-92bf-401d-b8ad-9073c34e833a,Cattail Cove State Park,state_park,google_type,high,Outdoors & Recreation,Parks & Playgrounds
0568edd7-bf0c-405a-8666-2f0bcb856895,Desert Martini,bar,google_type,high,Eat & Drink,Bars & Breweries
6ff22dab-996b-4b8c-b30c-99d4a90029bd,Tanning at Tiffanys,tanning_studio,google_type,high,Beauty & Personal Care,Tanning
f3d9b810-3010-4ff6-a823-b6b762bb280c,Anderson PowerSports,store,name_keyword,med,"Auto, RV & Marine",Car Dealerships
3b2a9955-8663-4054-a489-daa14b298fdb,Albertsons,grocery_store,google_type,high,Shopping & Retail,Grocery & Markets
52df94fc-1604-400f-9f57-32ffff68e771,Freedom Roofing & Repair,roofing_contractor,google_type,high,Home & Property Services,Roofing
c1522c0e-faab-445c-be29-0bb4f246ed84,Chabad of Lake Havasu City,association_or_organization,google_type,high,Community & Civic,Nonprofits & Charities
f3b98e37-56bc-471f-ab9c-96178b2ad38d,KAY Jewelers,jewelry_store,google_type,high,Shopping & Retail,Jewelry
e6e09e81-638b-4290-9f30-5c3af04cff67,M & M Storage Solutions,storage,google_type,high,Home & Property Services,Self-Storage
eb0c566f-5b92-48fc-8b7b-dba4af83f53a,West Coast Drives,service,provider_subcat,high,On the Water,Boat & Watercraft Rentals
3dd19127-a3ef-45a6-baff-7f113082e413,Frozen Spoon,dessert_shop,google_type,high,Eat & Drink,Bakeries & Desserts
d13c6f32-3ae5-4325-bc9e-9567a1f7fc61,Luxury Living by Lori Swartz,real_estate_agency,google_type,high,Professional & Financial,Real Estate
0b156d92-5883-456d-b939-14d0c59b69ee,"Azpen Counseling & Services,LLC",health,google_type,high,Health & Medical,Primary Care
e09f3436-9c38-4b80-a34e-c4bbb6551a5e,"Edward Jones - Financial Advisor: Laura J Prahl, CFP®|AAMS®",consultant,name_keyword,med,Professional & Financial,Financial Advisors
f0b240ef-bfab-4f5d-9f49-c6e3ff54677e,PetVet Vaccination Clinic,veterinary_care,google_type,high,Pets,Veterinarians
55a78aed-290d-4ebd-9518-f02b5946b343,Haulinit.com LLC,store,llm_judgment,low,"Auto, RV & Marine",Towing & Roadside
c16c8559-a01a-4862-8f75-5141ba7c1f34,Whiz Kid Computer Services / Ink & Toner,service,name_keyword,high,Beauty & Personal Care,Tattoo & Piercing
f73664e7-7d01-4a2e-8cdf-2aeffff0b501,Quality Auto Body & Towing,car_repair,google_type,high,"Auto, RV & Marine",Auto Repair
d26a9162-e101-4f2c-a618-ae345a1cd9a4,Neighbors Assisted Living,health,google_type,high,Health & Medical,Primary Care
b2ef8d73-f9b8-40c6-a2cf-57d169708f51,Aldridge Insurance Services,insurance_agency,google_type,high,Professional & Financial,Insurance
96846246-aa50-4737-a3ef-6b9e34d409ed,Wheelestatervguy,car_dealer,google_type,high,"Auto, RV & Marine",Car Dealerships
1697ec95-bfe8-4817-b69f-38da02d9d826,Dr. Michael Kort,dentist,google_type,high,Health & Medical,Dentists & Orthodontists
77e7388b-85b1-4850-8882-f3ca37d28e00,2 Mi to Lake Havasu: Pet-friendly Home,cottage,google_type,high,Lodging,Hotels & Motels
91fd8c40-9fbf-4ad1-bd9b-ac3e96e68efe,Nationwide Vision,medical_clinic,google_type,high,Health & Medical,Primary Care
0a548fb5-80b9-4b69-b324-9a55b71a0a79,"Ashley Powell, FNP",health,google_type,high,Health & Medical,Primary Care
aedd51a2-0136-4ff4-a8fe-6298a17803fd,Shelly Maurer - Aflac Insurance Agent,insurance_agency,google_type,high,Professional & Financial,Insurance
3e1f62d1-621e-4ff6-bc6f-ee3230ac4521,TG Kutter,barber_shop,google_type,high,Beauty & Personal Care,Hair Salons & Barbers
bdb0165f-5e51-49b0-af2c-3fd2cab0d295,Desert Harbor Storage,storage,google_type,high,Home & Property Services,Self-Storage
4a9a8aa6-45d5-4205-9fba-74c5e8ad4c94,Aloha Pool Care LLC,general_contractor,google_type,high,Home & Property Services,General Contractors
cb117dc8-e66c-4fe3-804b-87530ce3b9a9,Love's,gas_station,google_type,high,"Auto, RV & Marine",Gas Stations
e160cf37-f8fa-406c-beda-74882b8e134f,Family Tree Daycare,child_care_agency,google_type,high,Family & Education,Preschools & Childcare
8f6fc004-72d0-4a06-ad41-59355018574f,"9 Hole Mini-golf With Shade Cornhole Pingpong Amazing Lake Views, PalmTrees - Holiday Home",lodging,google_type,high,Lodging,Hotels & Motels
1de2ea91-66c7-4994-91c4-8b19041b80ca,Guaranteed Rate Affinity,finance,google_type,high,Professional & Financial,Financial Advisors
672258b9-baca-4fff-96e1-a8232cd71b3d,Grace Episcopal Church,church,google_type,high,Community & Civic,Places of Worship
4565a29a-21f9-46fd-9a60-e2f1493aa071,"3-T's RV Products, Inc",point_of_interest,provider_subcat,high,On the Water,Boat & Watercraft Rentals
c4e74819-4d66-4532-b7ca-4d211d10a12b,MR. PAWN,service,google_categories,low,Shopping & Retail,Sporting Goods
36c479d1-69b3-49e0-8588-822fc730e8fa,Southwest Primary Care,medical_clinic,google_type,high,Health & Medical,Primary Care
d7691cc5-f126-4c91-9b92-fb192864d8c2,The Happy Camper Rv Repair,car_repair,google_type,high,"Auto, RV & Marine",Auto Repair
3c88d2f8-e190-4847-a8b7-dbbbe00e5c78,Mackenzie Goodman Hair,hair_salon,google_type,high,Beauty & Personal Care,Hair Salons & Barbers
f2df6498-378a-4d4c-b4ae-8974256bf482,Days Inn by Wyndham Lake Havasu,hotel,google_type,high,Lodging,Hotels & Motels
135cef5b-e4d1-4d3a-a656-8b0207d751ce,303Tattoo,store,google_categories,low,Things to Do & Attractions,Museums & Galleries
117ea71c-be40-4c82-870d-21b70d713c3a,Hanger Clinic: Prosthetics & Orthotics,medical_clinic,google_type,high,Health & Medical,Primary Care
b710d8b1-2397-4c76-bd1c-64a474d74cc2,Crest Insurance Group,insurance_agency,google_type,high,Professional & Financial,Insurance
f5a58251-f45c-4b93-bac0-d886de8a53bd,The Gravel Pit,rv_park,google_type,high,Lodging,RV Parks & Campgrounds
70f236a5-477a-401e-bf86-a5418459327f,American Pacific Mortgage - Lake Havasu City Branch,finance,google_type,high,Professional & Financial,Financial Advisors
313c40e8-ea82-45b7-9f9e-9d616a55385b,Project 72 Custom Baits,store,llm_judgment,low,On the Water,Fishing Charters & Guides
a7dab049-3e66-4155-b720-148375d337ec,Our Place Boutique,gift_shop,google_type,high,Shopping & Retail,Gifts & Boutiques
6ef3cd3d-2251-404b-96f0-d07d52bd37b0,Claremont Assisted Living,health,google_type,high,Health & Medical,Primary Care
837a5979-60f1-4018-b7d9-b78842a30986,Knights Inn Lake Havasu City,hotel,google_type,high,Lodging,Hotels & Motels
306eef53-eab9-4439-82a7-7f6ecd721c7a,Edward Jones - Financial Advisor: Ron Hawley,consultant,name_keyword,med,Professional & Financial,Financial Advisors
25da616a-e828-4031-982f-5f0c55e9ffd8,Floral & Flirt Boutique,clothing_store,google_type,high,Shopping & Retail,Clothing & Apparel
367f3c70-85d7-4276-8a6c-134791bb7af9,Autoworks,car_repair,google_type,high,"Auto, RV & Marine",Auto Repair
09d9dcd5-5d63-470e-a78e-0cc5dc23d972,"Dr. Don A. Anderson, DO",doctor,google_type,high,Health & Medical,Primary Care
3586abbf-6ea2-457e-a48a-9a6e73ea8167,Bullen and Beckstrand Orthodontics,dentist,google_type,high,Health & Medical,Dentists & Orthodontists
d6405ef0-91fe-49ae-b280-b59acd63a6ab,C2 Heating & Air Conditioning,general_contractor,google_type,high,Home & Property Services,General Contractors
4f8e1c11-aab4-4874-a651-eff0bc23940c,Goldberg & Osborne,lawyer,google_type,high,Professional & Financial,Attorneys
3d25c703-a89d-41f6-ba18-5c5a1c058f43,Grace Arts Live,performing_arts_theater,google_type,high,Things to Do & Attractions,Theaters & Cinema
3f5df5e5-a48e-4206-b9c3-813f6c239f5a,Southwest Baptist Church,church,google_type,high,Community & Civic,Places of Worship
c73a2f01-8398-49cb-b2c6-ce873ab9e366,National Bank of Arizona,bank,google_type,high,Professional & Financial,Banks & Credit Unions
889ae018-e8d7-446b-8bc2-59e5403f1e72,Kendi A Schembri Insurance,insurance_agency,google_type,high,Professional & Financial,Insurance
3613ca5f-22e4-4aa1-802f-73000d009cb1,Golden Mane,hair_salon,google_type,high,Beauty & Personal Care,Hair Salons & Barbers
ca89f3f6-06b9-4689-a262-1dc9d3d6ace1,River Rock Oral Surgery,doctor,google_type,high,Health & Medical,Primary Care
72bc8377-cd4a-4322-8465-eef1d0f62633,Avis Car Rental,car_rental,google_type,high,"Auto, RV & Marine",Car Rental
741a4d8b-d21b-4d0b-b86a-a86d208775e4,Kenneth E Moyer Law Office,lawyer,google_type,high,Professional & Financial,Attorneys
b12a1011-7350-4dbf-a08d-b6e82360a5cd,Havasu Preparatory Academy,primary_school,google_type,high,Family & Education,K-12 Schools
65bf4402-b29f-4f4b-b04c-3e436218317c,Havasu Hair & Nail Cottage,beauty_salon,google_type,high,Beauty & Personal Care,Hair Salons & Barbers
c86c383d-2b21-4d19-9c49-667bafdb6d5c,Always Clean,laundry,name_keyword,med,Home & Property Services,Cleaning
42f25728-4baa-474a-8e27-220fdfbfb36c,River City Music,store,llm_judgment,low,Shopping & Retail,Gifts & Boutiques
66617eca-5849-4955-9464-0cedd97f0466,Pet Oasis Doggy Daycare and Spa,pet_care,llm_judgment,high,Pets,Boarding & Daycare
61be0127-f20d-4e2d-8cf7-ae199a1614a2,Pro Watercraft,sporting_goods_store,google_type,high,Shopping & Retail,Sporting Goods
5c771825-d8b5-43b0-abca-0b332b0341b1,PNC Bank,bank,google_type,high,Professional & Financial,Banks & Credit Unions
b54af4bb-717c-48ce-b3c9-07bb16be3ac3,Tapusallc,restaurant,google_type,high,Eat & Drink,Restaurants
78387ab5-e17e-42ec-8ea9-069a67fbac6e,Skyline Plumbing Contractors,plumber,google_type,high,Home & Property Services,Plumbing
9be67bf8-4be4-4e7a-82d8-92d17f75467d,Lake Havasu Luxury Oasis: Heated Pool/spa Mini golf,lodging,google_type,high,Lodging,Hotels & Motels
5b4b2a08-8041-42d6-af25-8a9c2864f366,Walgreens Pharmacy,pharmacy,google_type,high,Health & Medical,Pharmacies
f73feb7a-0d79-40a7-a5c4-576b000140b1,Sunset Plaza,shopping_mall,google_type,high,Shopping & Retail,Gifts & Boutiques
eb624dd3-e2a1-4c2d-8b84-d8da4833ab34,#1 Arizona Electric,electrician,google_type,high,Home & Property Services,Electrical
ff050fcc-9036-4784-b73d-f2ed09166e74,Lake Havasu City Hall,city_hall,google_type,high,Community & Civic,Government & MVD
c0702819-ae08-44f6-ba0f-f17cf7c08834,FINELINE SERVICE-- ELYSIUM,finance,google_type,high,Professional & Financial,Financial Advisors
2c212711-faaf-47e0-9ab0-8813cbad1d7e,2 Mi to Lake Havasu & Dtwn: Home w/ Game Room!,cottage,google_type,high,Lodging,Hotels & Motels
0e05cdc4-3406-461a-a2b7-5c373c1f968a,Gibbs Propeller Services,store,llm_judgment,low,"Auto, RV & Marine",Boat Repair & Service
2c3d6f0d-3635-4905-b270-0489860bf97e,Crown Ace Hardware,hardware_store,google_type,high,Shopping & Retail,Hardware & Home Improvement
442e6dfb-ad83-44bc-b2ad-af6ddea9520e,PRO Therapy,medical_clinic,google_type,high,Health & Medical,Primary Care
1c83d015-018c-464c-8f2a-7eb2d7b1c7a0,Lowe's Garden Center,garden_center,google_type,high,Shopping & Retail,Hardware & Home Improvement
32a08091-456f-43f2-9a76-181daf8393e3,Wired 4 Sound Havasu,electronics_store,google_type,high,Shopping & Retail,Appliances & Electronics
f9620252-7928-4b18-8a88-ecfd6a6a6712,Stevo's on the Island,clothing_store,google_type,high,Shopping & Retail,Clothing & Apparel
7916d811-83da-4bf5-a0db-6d52aa193b7b,Lake Havasu City Aquatic Center,swimming_pool,google_type,high,Outdoors & Recreation,Parks & Playgrounds
990be41a-f44a-4407-9008-f01e55235365,Riviera View Boat & RV Storage,storage,google_type,high,Home & Property Services,Self-Storage
1bb1a0b2-46ea-4e86-8ec8-44563e1a752b,Lake Havasu Airboat,tour_agency,google_type,high,Things to Do & Attractions,Tours & Sightseeing
e8b325e7-87b7-4de5-9dab-9c8793ad95cd,Jenna Quiggle -Realtor - eXp Realty,service,name_keyword,high,Professional & Financial,Real Estate
be9e4c33-a811-40d9-9cbc-e916347bb695,Ariel Esquibel,health,google_type,high,Health & Medical,Primary Care
6b936ae1-236e-42d0-bd00-95e42caa02c5,Best Brews Taproom,bar,google_type,high,Eat & Drink,Bars & Breweries
5961db49-bbb7-4914-93a0-2427aab99d59,Stonebridge Christian Fellowship,church,google_type,high,Community & Civic,Places of Worship
3c846234-2e11-432f-8605-34e0ac0b5016,Kelsey Little,dentist,google_type,high,Health & Medical,Dentists & Orthodontists
a56d9d16-ebd7-483c-b115-37018e1ceae1,Vicki's Grooming,pet_care,llm_judgment,high,Pets,Grooming
0445803c-4275-4c0f-8a64-9b8972c64cc6,Lookie Loo’s,home_goods_store,google_type,high,Shopping & Retail,Furniture & Mattress
98239310-492a-4e52-9d77-cbdf349b9e44,munoz plumbing llc,plumber,google_type,high,Home & Property Services,Plumbing
e7fd193a-d047-4bb0-91f8-98445469e846,Sonora Tacos Y Mariscos,mexican_restaurant,google_type,high,Eat & Drink,Restaurants
e42bbb75-b7ad-49cf-99b4-b840ea582d73,Four Quarters Amusements,manufacturer,provider_subcat,high,Things to Do & Attractions,Landmarks & Sights
1dfe0c37-ed52-4c18-8495-a92845bab0c9,O Ring Smoke Shop,store,llm_keyword,low,Shopping & Retail,Gifts & Boutiques
fc094453-95cb-4e63-bc88-dbbebcbda190,Realtor Convention Center,real_estate_agency,google_type,high,Professional & Financial,Real Estate
ed793aea-9baa-4910-b53a-68097ade56a4,Smooth Moving Service,moving_company,google_type,high,Home & Property Services,Movers
26af0696-807c-4904-8900-2309b4f4d46f,Riverview Auto Sales,car_dealer,google_type,high,"Auto, RV & Marine",Car Dealerships
2a2b5eb2-4d57-41e6-be91-fd42c3517a19,Sage Salon and Suites,beauty_salon,google_type,high,Beauty & Personal Care,Hair Salons & Barbers
3a5ab1a2-1644-4e95-82ec-691b465ad5a0,"Richard M. Duncan, DC",chiropractor,google_type,high,Health & Medical,Chiropractic
67262f63-2874-44d7-bb31-491ebddce3b0,American Standard Roofing,roofing_contractor,google_type,high,Home & Property Services,Roofing
80a6380c-2293-4482-b3bc-6c8b3a6e5a77,GOOD JOB NAILS,nail_salon,google_type,high,Beauty & Personal Care,Nail Salons
28860be8-c7f6-4d2b-8795-d5a47495e3f1,S & S Pool Care,service,name_keyword,med,Home & Property Services,Pools & Spas
caf65492-5f88-4fde-af26-c2d27b1f2c0d,JT KUSTOM DETAILING,,provider_subcat,high,On the Water,Boat & Watercraft Rentals
52a0ee9e-5099-42d9-a271-57002acadeaa,Lake Havasu Yacht Club,marina,google_type,high,On the Water,Marinas & Launch Ramps
57e97c8f-9f39-4c30-94e7-3d67012037ea,First Savings Bank,bank,google_type,high,Professional & Financial,Banks & Credit Unions
5b9e91a8-e1ac-4289-9ea7-9a5e5a86da78,Little Knights Preschool,preschool,google_type,high,Family & Education,Preschools & Childcare
de8a1fea-d850-440b-b1f7-30091be42682,Killen It Electric LLC,electrician,google_type,high,Home & Property Services,Electrical
49474165-329b-4700-8cdf-6b637a18340f,Reliable Handyman Services,general_contractor,google_type,high,Home & Property Services,General Contractors
254f2dd6-4fb0-4ffb-aff7-4ff9c852a483,Boat Body Shop,service,provider_subcat,high,On the Water,Boat & Watercraft Rentals
8e0426c2-37fd-4730-a76d-31d78f542325,Craggy Wash Campground,campground,google_type,high,Lodging,RV Parks & Campgrounds
cd4e2f3f-ade0-45dd-abda-4a7592ec4444,Lake Havasu Mobile Mechanics By Supercanic,car_repair,google_type,high,"Auto, RV & Marine",Auto Repair
fb28ed15-0db5-4db0-80d0-055961e85a0a,Happy Home Cleaners,service,name_keyword,med,Home & Property Services,Cleaning
bb7c56c4-e5ca-4a81-aff6-8710c3707d4a,Don's Auto Body,car_repair,google_type,high,"Auto, RV & Marine",Auto Repair
b7a8afea-ae19-4f5f-9291-1c93ba12974f,Rockin' Horse Ranch Preschool,preschool,google_type,high,Family & Education,Preschools & Childcare
b26b9a2f-3120-4a66-b4a5-664e86440012,Beach Auto & RV,car_dealer,google_type,high,"Auto, RV & Marine",Car Dealerships
597e68c2-e723-4054-a623-4d98402492b7,Havasu Regional Medical Center Specialty Clinic,doctor,google_type,high,Health & Medical,Primary Care
b127420c-5947-4881-86a0-2b78a35cb566,Go Lake Havasu,tourist_information_center,google_type,high,Things to Do & Attractions,Landmarks & Sights
98c3cad3-1305-4cda-9ba3-303fcae0d36e,Epic_lifestyles,supplier,web_research,low,"Auto, RV & Marine",Boat Sales
0a22ed8e-7b16-42a0-8af0-870676781839,"Grill, Fire Pit & Pool: Lake Havasu City Home!",cottage,google_type,high,Lodging,Hotels & Motels
61d014d4-c310-4da0-bcb2-7d24eb35a178,Superior Detailing,,provider_subcat,high,On the Water,Boat & Watercraft Rentals
eb3c31db-7a03-483a-924d-ce6ab1561f3d,Mills Brothers Sleep Center,furniture_store,google_type,high,Shopping & Retail,Furniture & Mattress
0bfbd3b3-c715-4b03-8766-9829f19699c0,Hair Design,beauty_salon,google_type,high,Beauty & Personal Care,Hair Salons & Barbers
6e655b5f-5995-43b2-b51d-521f7fc1c546,Kind Connection Smoke Shop,store,llm_keyword,low,Shopping & Retail,Gifts & Boutiques
f6abb3ee-7350-4c86-b66e-3fd81bbbe66d,In Stitches Customs,furniture_store,google_type,high,Shopping & Retail,Furniture & Mattress
fc1bfb39-98ad-4e56-808d-f7f1d1dd3d6a,Church of Christ,church,google_type,high,Community & Civic,Places of Worship
8836f40c-5954-4b09-8f18-de5266edacb4,"LuxeLocker Premium Storage - Lake Havasu City, AZ",storage,google_type,high,Home & Property Services,Self-Storage
538348aa-1e7a-4af0-adc6-636d19e29a33,Martini Bay,bar_and_grill,google_type,high,Eat & Drink,Restaurants
c499dbdf-c6cd-44bf-9fa7-f7b7e911d4de,ManyPets Services,pet_care,web_research,high,Pets,Pet Sitting
ecb1d5bd-56a3-4c2a-99bc-26da84bc2bc9,O'Reilly Auto Parts,auto_parts_store,google_type,high,"Auto, RV & Marine",Auto Parts
ce7df45a-c7f9-4000-96d6-2c38bf6f9322,Divine Salon and Spa,beauty_salon,google_type,high,Beauty & Personal Care,Hair Salons & Barbers
1096a977-1d63-4c11-9fca-91867a7fdf13,A & E Flooring and Construction LLC,general_contractor,google_type,high,Home & Property Services,General Contractors
4bfdd577-16e1-4b4c-aef8-3e5c8c9b482a,1 Mi to Windsor Beach - Lake Havasu City Home,cottage,google_type,high,Lodging,Hotels & Motels
46e4e83c-962b-4d76-a2c5-02834f42e638,The Office,bar,google_type,high,Eat & Drink,Bars & Breweries
23fd0bf5-1964-4660-9511-2b37a152ba90,Havasu Auto Body & Jet Ski Rpr,car_repair,google_type,high,"Auto, RV & Marine",Auto Repair
7e27a3b1-b7eb-43be-b344-47d936a89af3,Western Arizona Humane Society,non_profit_organization,google_type,high,Community & Civic,Nonprofits & Charities
83bbfea9-150b-414d-b6fd-f61eb583bf32,Marathon,gas_station,google_type,high,"Auto, RV & Marine",Gas Stations
ab3ae466-3b55-4665-a46a-bbc1289a23a3,The Meltdown,restaurant,google_type,high,Eat & Drink,Restaurants
c5a577e8-93e8-49c2-9f0d-71bf6f9e603a,Blue River Gems,jewelry_store,google_type,high,Shopping & Retail,Jewelry
cc20588f-48d9-4a29-b0d6-a388b749a3a0,Private Pool & Hot Tub: Lake Havasu City Gem!,cottage,google_type,high,Lodging,Hotels & Motels
59e6875e-ad01-41a0-b507-a6ad4af77329,New Day School,preschool,google_type,high,Family & Education,Preschools & Childcare
3e3b15cc-c218-4ac2-9d7c-138077c20e72,Arizona Detail Supply,manufacturer,name_keyword,med,"Auto, RV & Marine",Auto/Marine Detailing
092104e2-aecd-4305-8b4e-ead9bcbbaffb,Prestige Marine,service,llm_keyword,low,On the Water,Boat & Watercraft Rentals
dade612b-6907-4a17-a825-e9192b8bbf16,Regional Center For Border Health Inc,community_center,google_type,high,Community & Civic,Community Centers
125da8ea-4140-469d-891c-dec7d0f28b61,Bogeys & Stogies,sports_bar,google_type,high,Eat & Drink,Bars & Breweries
6771f5f8-8746-4bbd-be87-9821fe7014c2,Infinity bookkeeping,consultant,google_categories,low,Professional & Financial,Financial Advisors
572c6d69-fbae-4544-a226-b4300cc2087a,London Bridge Park And Sell,car_dealer,google_type,high,"Auto, RV & Marine",Car Dealerships
c7f1ae73-0cc1-45bd-afe9-ac24d78acc9f,"Sheena L Lyn, DMD",dentist,google_type,high,Health & Medical,Dentists & Orthodontists
e972eab2-3a91-4ccc-bd1c-efd0a49ceab3,Detail Specialties & Ceramic Coating,car_wash,google_type,high,"Auto, RV & Marine",Car Wash
7492e4bc-b231-4297-98a3-221fa78b9e5d,"Advanced Chiropractic & Sports Medicine, Greg C. Davis, DC",chiropractor,google_type,high,Health & Medical,Chiropractic
bad7f1c8-542b-4bc1-95df-8ac576e48291,Havasu Therapeutic Center,massage_spa,google_type,high,Beauty & Personal Care,Day Spas & Massage
2ecb21a6-58fe-435b-b452-357848291932,Mohave Roofing,roofing_contractor,google_type,high,Home & Property Services,Roofing
219346db-805e-4367-96e3-efb5e7534110,Learn to Thrive Life,medical_clinic,google_type,high,Health & Medical,Primary Care
b4ef18ce-01b2-49a7-9476-42f94fb2364f,City on a Hill,church,google_type,high,Community & Civic,Places of Worship
ccf53f0b-9323-4c9c-ad6f-071826588a49,Love's Auto Body & RV,car_repair,google_type,high,"Auto, RV & Marine",Auto Repair
fd5f8c02-4fcf-42e2-b967-fb502796aba1,Flowstate Physical Therapy,physiotherapist,google_type,high,Health & Medical,Physical Therapy
39a8d762-ccdc-4ec7-8128-08004505d880,Bob's Electric Motors & Pump,service,name_keyword,high,Home & Property Services,Electrical
3bb87536-6d16-4670-9a35-b806a8e6cd36,Rosa's Home Decor,home_goods_store,google_type,high,Shopping & Retail,Furniture & Mattress
29560046-956b-4aca-9104-a613e29762a5,Frank's Custom & Collision,car_repair,google_type,high,"Auto, RV & Marine",Auto Repair
0b9426a9-13a1-4c52-8231-8979c8fb5cef,Charlie Buttke PLLC,consultant,google_categories,low,Professional & Financial,Financial Advisors
8f5448d0-7723-4fed-8212-59eb6eba4141,"Havasu Hacienda: Pickleball Court, Heated Pool, Jacuzzi, RV, Arcade!",lodging,google_type,high,Lodging,Hotels & Motels
816a4265-1896-4ec1-8ddf-bad86780e81a,Veteran's Thrift Non- Profit,thrift_store,google_type,high,Shopping & Retail,Thrift & Consignment
d4557f05-3055-4639-be45-8a47fd8e9303,Lions Dog Park,park,google_type,high,Outdoors & Recreation,Parks & Playgrounds
89f3e98a-d431-4f37-9183-214c3f306c14,Tinnell Memorial Sports Park,skateboard_park,google_type,high,Outdoors & Recreation,Parks & Playgrounds
66777523-5ddc-4f07-8cad-092b4e29ab02,The Nautical Beachfront Resort,resort_hotel,google_type,high,Lodging,Hotels & Motels
9939cca4-cc89-4442-acee-3f69dfb54369,Havasu Martial Arts Academy,sports_school,google_type,high,Family & Education,Kids' Classes & Camps
608e13c9-2c06-4f4b-b9f7-e9bf7dc8af86,The Human Bean,coffee_shop,google_type,high,Eat & Drink,Cafés & Coffee
b8de76fa-9f11-4576-8a30-7f58fe129126,THK Storage,storage,google_type,high,Home & Property Services,Self-Storage
fea2979a-08e2-4605-9e66-ff0a2f3d71df,"The Boat Brokers, RV & Classic Cars",supplier,name_keyword,med,"Auto, RV & Marine",RV Sales & Service
cf063c66-5a2d-43f9-a621-142619a9b958,Unity of Lake Havasu,church,google_type,high,Community & Civic,Places of Worship
d094b18e-4a13-48c3-876a-6eac33045d3a,loanDepot,finance,google_type,high,Professional & Financial,Financial Advisors
b2343788-d632-493e-8903-1053a965bd82,Jimmy John's,sandwich_shop,google_type,high,Eat & Drink,Quick Bites & Takeout
8383af49-77cb-468a-b939-03cec56a975b,Mc Cheaper's,storage,google_type,high,Home & Property Services,Self-Storage
1ad5a02e-7694-4c03-a0b1-618141c6a7db,"Elite Martial Arts, Inc.",sports_school,google_type,high,Family & Education,Kids' Classes & Camps
9d6dd3be-5853-48ae-9976-743bb4bb2689,Fullsac Performance,auto_parts_store,google_type,high,"Auto, RV & Marine",Auto Parts
5e903bff-c001-46a8-b0e6-a981c6229262,London Bridge Harley Davidson,clothing_store,google_type,high,Shopping & Retail,Clothing & Apparel
4df61a2a-133e-4ce4-b684-b99224596785,London Bridge Swap Meet,market,google_type,high,Shopping & Retail,Grocery & Markets
a89f9fcb-b774-444e-8442-156e09f399e8,HavaZoo Tanning & Clothing Co.,tanning_studio,google_type,high,Beauty & Personal Care,Tanning
c9d484ee-c62e-46dd-8532-7e56f66411e6,Straight Outta Carolina BBQ,restaurant,google_type,high,Eat & Drink,Restaurants
5962805c-c5a3-465b-8047-19145120d159,Maurices,womens_clothing_store,google_type,high,Shopping & Retail,Clothing & Apparel
75dda913-0662-480c-a812-1783cc6ec0e9,"Aspen Dental - Lake Havasu City, AZ",dentist,google_type,high,Health & Medical,Dentists & Orthodontists
fb8013d9-b92a-4895-b2a1-7cf63d54cf9b,J R Wallace Electrical Services Inc,electrician,google_type,high,Home & Property Services,Electrical
05bf0754-819d-4884-8a6d-e6d8c4297550,Rosati's Pizza,pizza_restaurant,google_type,high,Eat & Drink,Restaurants
aba6ec4a-4424-4a1f-a881-be034733dca7,Heat Hotel,hotel,google_type,high,Lodging,Hotels & Motels
bf26184c-5d93-42f7-97a6-dcfaef08a493,Wacko kayak & paddleboard rentals,service,provider_subcat,high,On the Water,Boat & Watercraft Rentals
bf2eeea3-5ed4-4297-80ad-43d54846f477,Western States Restaurant Consulting,consultant,llm_keyword,low,Eat & Drink,Restaurants
724b8724-d8fd-46bd-86dd-e54e8db72fe2,Hava Bite,food_court,google_type,high,Eat & Drink,Quick Bites & Takeout
f24672df-b277-4b56-bd2f-deb4a74fc5fb,Butterfly Garden,garden,google_type,high,Outdoors & Recreation,Parks & Playgrounds
87092889-5f6a-4216-884a-d23e13480f5d,Havasu Computers,,llm_judgment,low,Professional & Financial,Computer & IT Repair
3a73987d-b54d-4fce-8b52-3ebb521aee93,"Paige Mueller, Lake Havasu City Realtor – KW Arizona Living Realty",service,name_keyword,high,Professional & Financial,Real Estate
742abe3c-efd4-4d97-8686-73aa807c25ea,Jet Ski Rentals - All Things Rentals Lake Havasu,service,provider_subcat,high,On the Water,Boat & Watercraft Rentals
367128e9-39df-4f96-b0b1-579905bd0039,Calvary Baptist Church - McCulloch Campus,church,google_type,high,Community & Civic,Places of Worship
34730fa0-614a-4fc7-8acf-7f07e99ce6c0,COAST MOTOR GROUP,supplier,llm_judgment,low,"Auto, RV & Marine",Car Dealerships
394d483c-648e-40de-a652-18fc70016290,Sundance country car Wash,car_wash,google_type,high,"Auto, RV & Marine",Car Wash
2804a8fb-01cf-4584-9e98-0192bd0f00ba,James Whitt Photography,service,llm_judgment,low,Professional & Financial,Photographers
f78812f5-a666-4131-a8af-707b9e678bfd,walmart deli,supermarket,google_type,high,Shopping & Retail,Grocery & Markets
fa4ee7d9-a631-403f-8f9c-bb4c8fdc653f,The Rusted Saguaro,hair_salon,google_type,high,Beauty & Personal Care,Hair Salons & Barbers
f6b3a69b-d916-4902-a536-2ee57694ac4f,Sun Spot Solar,service,name_keyword,high,Home & Property Services,Solar
8a28ef9a-2f68-4644-b190-64084f0a140a,Breathe Clean Air Duct Cleaning & Energy,service,name_keyword,med,Home & Property Services,Cleaning
e9876bc5-8bad-443b-aa49-e12a2392ce5f,Jackson Harvey R,lawyer,google_type,high,Professional & Financial,Attorneys
b6a46f54-058e-4c3e-9c74-97c91af16d6b,Lake Havasu Center for Spiritual Living,church,google_type,high,Community & Civic,Places of Worship
8f83e353-9543-4a86-afe8-e6df96ad91b0,LACARCACHA,mexican_restaurant,google_type,high,Eat & Drink,Restaurants
ef580576-53eb-4e6a-9ec8-d98b1b552320,All Seasons Plumbing,plumber,google_type,high,Home & Property Services,Plumbing
631207d5-0711-49e7-b917-912018ee8b88,Lynette Fisher's Team One,real_estate_agency,google_type,high,Professional & Financial,Real Estate
eef18244-bd73-4a35-b3dc-43bc0f14e2b4,CARDOC OF HAVASU,car_repair,google_type,high,"Auto, RV & Marine",Auto Repair
24717c7b-259c-488d-ad04-30e27a4baf2c,Mobil,gas_station,google_type,high,"Auto, RV & Marine",Gas Stations
c69231c1-2adf-4f2c-ad55-7a66e2ccd433,Chic Again,store,llm_judgment,low,Shopping & Retail,Thrift & Consignment
79eccf7f-bfea-47b3-aee7-1fea501b2406,Sears Appliance Repair,service,name_keyword,med,"Auto, RV & Marine",Auto Repair
338662d8-2beb-45c3-8ed1-1388faed1dcb,Triple C Carpet Cleaning Co.,laundry,name_keyword,med,Home & Property Services,Cleaning
310b0911-cdad-46db-aaa5-8f7027e4f812,Lisa Sweet Insurance,insurance_agency,google_type,high,Professional & Financial,Insurance
538cbae3-54ac-4733-bdf3-83c3a98754bd,76,gas_station,google_type,high,"Auto, RV & Marine",Gas Stations
88b45436-25c1-484a-9114-6d66ad379425,Mediterranean Mental Health,doctor,google_type,high,Health & Medical,Primary Care
3a97c3a1-38a9-4248-9626-78328d97ae8a,Desert Rose Gifts & Interiors,gift_shop,google_type,high,Shopping & Retail,Gifts & Boutiques
6fe7567a-f5c6-4459-a0aa-49eaa5d796c5,Grapes N Grains,wine_bar,google_type,high,Eat & Drink,Bars & Breweries
6ccfadc8-3d7a-45c7-881b-7a205e0eb07d,"Olivia Yambem, MD",doctor,google_type,high,Health & Medical,Primary Care
a8c319b6-4b40-4a7e-a616-7a55959a45eb,Nomadic,coworking_space,google_type,high,Professional & Financial,"Print, Signs & Marketing"
9be452ee-75cd-45b7-af51-129788e8b24b,76,gas_station,google_type,high,"Auto, RV & Marine",Gas Stations
375ab45c-298b-4c59-bc1e-39e2fc191f3a,Wild Coffee - South Side,coffee_shop,google_type,high,Eat & Drink,Cafés & Coffee
e4b85b2f-2024-4fff-9e67-5b0f1b6f6d77,Accounting Angels,consultant,google_categories,low,Professional & Financial,Financial Advisors
5739e759-d95e-4934-8d57-722fdfdbf861,Havasu’s Cut Lounge Barber Shop,barber_shop,google_type,high,Beauty & Personal Care,Hair Salons & Barbers
564ec3c1-2f99-4825-af25-4d6de30f440d,Travis Mancuso - Realtor Lake Havasu City,service,name_keyword,high,Professional & Financial,Real Estate
e26b32de-e901-40c4-8bf4-656e506ece4d,The Cool Dude LLC,general_contractor,google_type,high,Home & Property Services,General Contractors
68566c21-1d66-4914-9b4e-c4390f9d7d77,Zip Fuels,gas_station,google_type,high,"Auto, RV & Marine",Gas Stations
4d839ff5-5ef9-485f-b827-95309e8f1907,Action Line Sales & Rentals,service,google_categories,low,"Auto, RV & Marine",Car Dealerships
d1e74310-49b7-4932-8b15-c0e6cf83b63b,Foxfire Photo,service,llm_keyword,low,Professional & Financial,Photographers
f31165e3-fa7d-475c-b9c4-5f916b405712,Bob Moses Ceramic Coating Lake Havasu City,,google_categories,low,"Auto, RV & Marine",Auto Repair
c9f3d8bb-f4b5-4ef7-a222-ad3af6a21de8,Desert Bloom Beauty,beauty_salon,google_type,high,Beauty & Personal Care,Hair Salons & Barbers
08ff81a1-48ce-4c09-a4d3-401454478207,Catching Air LHC LLC,general_contractor,google_type,high,Home & Property Services,General Contractors
96731b82-2077-44fb-b7e1-4fe0a5024d4f,Sandbar Powersports,service,google_categories,low,Home & Property Services,Self-Storage
de94dcc6-8745-4ea8-b98a-69ab060d2ac6,Oasis Massage & Foot Spa,massage_spa,google_type,high,Beauty & Personal Care,Day Spas & Massage
e7a19939-30af-4b93-acb0-b17e7931bd35,APX Real Estate Group,real_estate_agency,google_type,high,Professional & Financial,Real Estate
dc633fbd-c39f-4d97-9a8a-892d7ac69bf0,Lake Havasu Pool Service,service,name_keyword,med,Home & Property Services,Pools & Spas
eb6de803-9d6f-47c2-a076-2ca57554693a,Lake Havasu Boxdrop Mattress and Sofa,furniture_store,google_type,high,Shopping & Retail,Furniture & Mattress
c81f54ae-5096-464d-a07a-c60c36c4a992,Sorkin Edward DDS,dentist,google_type,high,Health & Medical,Dentists & Orthodontists
80dc25ad-4e87-4cb8-b584-00c8aa2e4647,Lake Havasu City Home w/ Game Room & Fire Pit!,cottage,google_type,high,Lodging,Hotels & Motels
55b61104-68ba-49f6-8b9f-ba7c214cb330,Water Views & Close to Beach: Home in Lake Havasu,cottage,google_type,high,Lodging,Hotels & Motels
473c0eca-9df4-48b3-aaf2-e349a5fce906,3 Mi to London Bridge: Home w/ Patio & Grill!,cottage,google_type,high,Lodging,Hotels & Motels
9f3944b0-9237-4e1e-af65-a3718371d0ab,Havasu Suites,travel_agency,google_type,high,Things to Do & Attractions,Tours & Sightseeing
9cfd24ef-8f4e-4998-9f7e-dcb8af327178,Tile & Carpets Unlimited,building_materials_store,google_type,high,Shopping & Retail,Hardware & Home Improvement
fd850071-9109-4d59-a9e9-f30868a164bc,Budget/ Twin Palms Inn,hotel,google_type,high,Lodging,Hotels & Motels
f6dab145-bea3-405f-997b-04b243c2f6ac,So Cal Speed & Marine,service,provider_subcat,high,On the Water,Boat & Watercraft Rentals
fa0360f7-b3c3-4a52-8c42-4ea4b2bd1eca,Aj's Mobile Moto - Sports,point_of_interest,name_keyword,med,"Auto, RV & Marine",Powersports & ATV
4a4607c6-9aa9-4316-9b01-26370343c199,Crazy Horse Campgrounds,campground,google_type,high,Lodging,RV Parks & Campgrounds
0b1e275f-2668-4934-922e-55661342190b,Cosmic Kids Dentistry,dentist,google_type,high,Health & Medical,Dentists & Orthodontists
916b75de-7d96-4c5e-b89f-b4d66eefadca,"Money in Your Pocket, LLC",store,google_categories,low,Shopping & Retail,Jewelry
f4f6721a-d7ec-4639-bd22-19a978cc8b98,"Vederman Law Office, PLLC",consultant,name_keyword,high,Professional & Financial,Attorneys
e367efe0-62bd-4e53-bfb5-fc9b51bd2c60,Kathy Chalmers Taxes & Accounting PLLC,consultant,google_categories,low,Professional & Financial,Financial Advisors
b93e2946-8287-4807-a6f3-ed4029fcc282,Hav-A-Storage,storage,google_type,high,Home & Property Services,Self-Storage
345e1f60-63dd-46bd-81f8-e6c6dbb03711,"Patio, Views & Boat Parking: Lake Havasu Home!",cottage,google_type,high,Lodging,Hotels & Motels
27fe1072-ae54-4c8b-8417-aa8d089ebab3,Smart Focus,store,google_categories,low,Health & Medical,Primary Care
258e6ad3-1db3-4f2a-9696-0d055bd00836,Bashas' Pharmacy,pharmacy,google_type,high,Health & Medical,Pharmacies
9905bf25-ea85-4837-8920-d1c12f71b44f,Marina Fuel Station - Havasu Riviera Marina,gas_station,google_type,high,"Auto, RV & Marine",Gas Stations
fdc1f4a5-bb86-4b9d-9704-8e94416cb58b,TagWorks,store,name_keyword,med,Pets,Pet Stores & Supplies
1ea9f021-338b-4e35-b33a-0e1608cc0ba7,MJ's Dog Training LLC,service,name_keyword,high,Pets,Training
af13b04a-4ccc-40f0-a155-fd56b4fecce0,Wizard of Pawz,pet_care,llm_judgment,high,Pets,Grooming
f04bffb3-cc4f-4eb1-9cf9-068327e43669,PetSmart,store,name_keyword,med,Pets,Pet Stores & Supplies
a22c6c53-4ca8-445a-beff-c8f5edcdda38,the studio 2959,fitness_center,google_type,high,Fitness & Wellness,Gyms & Fitness Centers
c2d395b4-39c6-4f41-be2d-e7baa6d0c661,New Day School,educational_institution,google_type,high,Family & Education,Colleges & Higher Ed
d4644521-1a7c-4775-8a4f-922251884da7,O'Connor Barbara CPA,consultant,name_keyword,high,Professional & Financial,Accountants & Tax
5041412c-dafd-460e-9849-19bed3118e6e,Guild Mortgage Company,finance,google_type,high,Professional & Financial,Financial Advisors
25a2e60d-8c31-4651-beb3-c8d2f84c4963,The Horton Team,finance,google_type,high,Professional & Financial,Financial Advisors
07baebf1-ee45-498c-b670-f8e0cc01fb97,Winners Circle Storage,car_repair,google_type,high,"Auto, RV & Marine",Auto Repair
bc9a2737-e35a-4aad-b3ea-429511bc3325,Side Alley Cafe,restaurant,google_type,high,Eat & Drink,Restaurants
b4aa5964-6a88-4f88-acb4-e0188d0ba393,United Roofing & Restoration,roofing_contractor,google_type,high,Home & Property Services,Roofing
cfa7a1af-6118-4629-a24e-ec823019e089,"Pooch Paradise, LLC",pet_care,llm_judgment,high,Pets,Grooming
6d097e59-1287-49f1-bf72-ab41417f10fb,Mi Mi Nails Spa,nail_salon,google_type,high,Beauty & Personal Care,Nail Salons
69e3ef4c-3ab6-4b39-bbe4-dfd0351bf56f,The Wedding Specialist,service,provider_subcat,high,Things to Do & Attractions,Landmarks & Sights
387cf0b9-3ce4-4845-8e22-57252e60dd58,Hobby Lobby,store,name_keyword,high,Shopping & Retail,Hobby & Craft
722a1a26-9a72-4c59-938d-d9681b2cdcd5,Obedience Please,service,name_keyword,high,Pets,Training
8e25d1b2-f46b-4146-a920-9978b0c7b892,Integrity Arizona Real Estate,real_estate_agency,google_type,high,Professional & Financial,Real Estate
3b16360c-09e5-4b8d-951f-7c82b86d6225,Albertsons Pharmacy,pharmacy,google_type,high,Health & Medical,Pharmacies
e35db161-9198-4b95-98f4-dd68f210496c,Hospice of Havasu Resale Store,thrift_store,google_type,high,Shopping & Retail,Thrift & Consignment
ed687fa8-af69-4036-9d68-d8a558569b03,"Travis Redman, Realtor of Lake Havasu City I Coldwell Banker Realty",service,name_keyword,high,Professional & Financial,Real Estate
3f49e345-d0f9-44b0-8618-47746a57a810,Head Start-WACOG,preschool,google_type,high,Family & Education,Preschools & Childcare
7e6a6932-a346-4daa-92fb-b3f7b34c452c,Team Guertin,finance,google_type,high,Professional & Financial,Financial Advisors
eb6eee0b-5377-4c03-8fd7-6f984f0fdeff,London Bridge,bridge,google_type,high,Things to Do & Attractions,Landmarks & Sights
e4a19db3-37f5-4f6d-a75f-d4d969978864,Alter-Eco Salon,beauty_salon,google_type,high,Beauty & Personal Care,Hair Salons & Barbers
358d94ca-bdaa-4f4b-a951-decfa4508361,Federal Termite & Pest,service,name_keyword,high,Home & Property Services,Pest Control
ba6d99cb-2242-4689-982f-5d9978825796,Shah Racquetball Club,gym,google_type,high,Fitness & Wellness,Gyms & Fitness Centers
2b3a916e-b999-4bdc-9d37-4497fd3ea434,Palafox Auto Repair,car_repair,google_type,high,"Auto, RV & Marine",Auto Repair
6e0df43f-1ee8-4488-a4e4-048c31672357,Prime Roofing Lake Havasu City,roofing_contractor,google_type,high,Home & Property Services,Roofing
b7bb18a1-bdf4-4921-85d8-51ebbe2d4d18,Grand Piano Studio,school,google_type,high,Family & Education,K-12 Schools
e885c6d2-5efd-4b75-ae1b-07a32bb00c88,Ronica's Sweet Buns,bakery,google_type,high,Eat & Drink,Bakeries & Desserts
46dd88ca-c693-4c66-8de4-d6f5202f2785,Lakeview Family Dental,dentist,google_type,high,Health & Medical,Dentists & Orthodontists
c9f98a78-2329-4c39-87c9-93f65945a2a5,Kendo Electric,electrician,google_type,high,Home & Property Services,Electrical
40c1859a-468b-4252-b15e-9233e9f6142b,Havasu Rocks,store,llm_judgment,low,Shopping & Retail,Gifts & Boutiques
781fb2b2-d359-48a3-b283-12c092818a31,Dr Tax Service,consultant,name_keyword,high,Professional & Financial,Accountants & Tax
bdc7aa79-57fd-490c-9537-7961a538711b,Innovative Health and Wellness Center,spa,google_type,high,Beauty & Personal Care,Day Spas & Massage
0a1a4df6-02cf-4427-83e9-48dc9d25bfca,ARCO,gas_station,google_type,high,"Auto, RV & Marine",Gas Stations
a40f1c0a-4cef-495f-8858-92283f85b5ab,Max Machine Worx,service,provider_subcat,high,On the Water,Boat & Watercraft Rentals
9a85df75-450d-4477-adab-c2504e44d34f,Michelle's Bark In Style Grooming Salon,pet_care,llm_judgment,high,Pets,Grooming
35e28700-727f-49a4-9db8-cf761af29515,EasyPay Payroll Service,consultant,google_categories,low,Professional & Financial,Financial Advisors
fac3a8d6-f6ca-4c81-b4f2-a7b0f404f9b1,"Colleen Savage, FNP",health,google_type,high,Health & Medical,Primary Care
39546bfd-758a-4fcf-b01e-47b4773d5e8f,Havasu Wiring LLC,consultant,llm_judgment,low,Home & Property Services,Electrical
38af8290-8c28-4d07-8cc6-71d4a8af34c5,"Dolled Up Nails, LLC",beauty_salon,google_type,high,Beauty & Personal Care,Hair Salons & Barbers
9f1a20aa-9587-4c84-916a-b00a4df6e245,Judy Muselman Properties,service,google_categories,low,Professional & Financial,Real Estate
334d26e8-d4d8-454e-9ac7-a55bb3002a21,"Prielipp Construction, Inc.",general_contractor,google_type,high,Home & Property Services,General Contractors
8d6bf0b5-2099-495b-bd2d-6cc0595bc6c6,Hava Gas,gas_station,google_type,high,"Auto, RV & Marine",Gas Stations
0afb1a55-65c9-4023-97f4-385fc371a789,Islander Resort,rv_park,google_type,high,Lodging,RV Parks & Campgrounds
b1cbda16-5f03-49e3-a937-8ce858b51782,For Dog's Sake! Training & Accessories,service,name_keyword,high,Pets,Training
328e36e4-3264-46e4-81d4-02a06dcd8acc,River Sun Solutions,service,google_categories,low,Home & Property Services,Electrical
d49f6c19-272d-459e-bb12-3931b65e6061,Love's Travel Stop,truck_stop,google_type,high,"Auto, RV & Marine",Gas Stations
8fe64ce8-90d7-4e82-b988-56ec12403939,All American Fuel Station,gas_station,google_type,high,"Auto, RV & Marine",Gas Stations
dac169e8-ba31-4d84-ad9e-5a442f1ad1e8,Howard Custom Detail,,provider_subcat,high,On the Water,Boat & Watercraft Rentals
ef3371e4-69aa-4b84-a2d3-a48a57f676bc,Calvary Baptist Church - Sweetwater Campus,church,google_type,high,Community & Civic,Places of Worship
80608c3d-45aa-4c45-aee6-05cea60e7656,Amazen2 Rentals,service,provider_subcat,high,On the Water,Boat & Watercraft Rentals
037a7a20-6b3c-40e1-8aac-2b6f91edf452,Covenant Church Lake Havasu,church,google_type,high,Community & Civic,Places of Worship
e1eebff2-33df-4e42-a193-d9943bf855c2,Lake Havasu City Rotary Club,association_or_organization,google_type,high,Community & Civic,Nonprofits & Charities
7fa110a8-c285-4d67-9037-162424ac695b,Orthopedic Innovations,doctor,google_type,high,Health & Medical,Primary Care
9643ac3e-4d83-4059-a723-846929909a45,A Best Massage By Renae,massage,google_type,high,Beauty & Personal Care,Day Spas & Massage
6730a576-5e32-41f2-9948-a74c9aa0051d,Anderson Nissan,car_dealer,google_type,high,"Auto, RV & Marine",Car Dealerships
dbc7335c-2f4a-4274-83d1-7c935a2ffc85,Above All Mobile Detailing,,provider_subcat,high,On the Water,Boat & Watercraft Rentals
4da6b7a5-bff9-4dc3-85f3-9f89844edd23,"Christina Martinez, OD - Eye Exam",health,google_type,high,Health & Medical,Primary Care
714e1438-9b31-4738-ae33-d72be3874c6f,Apostolic Truth Ministries,church,google_type,high,Community & Civic,Places of Worship
3643332f-02b6-4945-a97a-2275aee50853,Victory Lane Quick Oil Change (Lake Havasu City),car_repair,google_type,high,"Auto, RV & Marine",Auto Repair
997fe0a3-7839-427c-8570-ae9fef9f2be7,Mortgage West Financial,finance,google_type,high,Professional & Financial,Financial Advisors
cdb86f9e-d76e-4090-b605-a22aadf0786d,New Era Cleaning Service,laundry,name_keyword,med,Home & Property Services,Cleaning
1b3a1e14-a553-409e-b7ee-c0163590feab,"Hike, Boat, Golf & Unwind: Lake Havasu City Home!",cottage,google_type,high,Lodging,Hotels & Motels
867e8005-4211-47a4-9a18-3624ed371b87,Home2 Suites by Hilton Lake Havasu City,hotel,google_type,high,Lodging,Hotels & Motels
cbadd867-81ab-4b5c-8aa6-486515799123,BeachComber Estates,mobile_home_park,google_type,high,Lodging,RV Parks & Campgrounds
38a4dce1-c96b-45a6-a2a0-f7f5db79bf2b,"Lake Havasu RV, Boat & Self Storage",storage,google_type,high,Home & Property Services,Self-Storage
ba25d47e-d5e8-4611-a3bf-51f62512f07c,Our Lady of the Lake Catholic School,church,google_type,high,Community & Civic,Places of Worship
e71ed2a9-3f22-4176-977f-d0b516ee5baf,Queens Bay Resort Condominiums,lodging,google_type,high,Lodging,Hotels & Motels
09395387-487d-42ec-bf9b-2bd9d81d97b6,Norwall PowerSystems,store,llm_judgment,low,Shopping & Retail,Hardware & Home Improvement
af759bbb-2578-4670-bebf-a2a9d641d1cc,Lakeside Appliances,home_goods_store,google_type,high,Shopping & Retail,Furniture & Mattress
56f29ead-338a-44fa-b852-17ebfc05c675,LAKELAND MARINE,service,provider_subcat,high,On the Water,Boat & Watercraft Rentals
726c3250-b846-48b0-9d25-be23e7a34157,Gentle Touch Pet Grooming,pet_care,llm_judgment,high,Pets,Grooming
c49ee4a8-9d04-460b-a928-1b6e2178cff4,Anything Off-Road,service,name_keyword,med,"Auto, RV & Marine",Powersports & ATV
76a56ed1-7afa-4421-8b1f-fad2dbec315a,Red Rock Consulting & Tax,consultant,name_keyword,high,Professional & Financial,Accountants & Tax
333f0587-8b52-4af4-9a07-54541b6403c4,"Lake-Area Retreat – Heated Pool, Spa, Game Room, Mini Golf & Boat Parking",lodging,google_type,high,Lodging,Hotels & Motels
ac4b4750-7748-4ca2-806f-9b1002181e9f,Seal of Confidence,finance,google_type,high,Professional & Financial,Financial Advisors
15c9cf6b-6fe3-40f0-a21e-0bed5598ea90,Shader Vision Cataract & LASIK Eye Surgery,medical_clinic,google_type,high,Health & Medical,Primary Care
1d917dad-a66b-4829-987d-b6d5c4126480,NSC Certified Public Accountants LLC,consultant,google_categories,low,Professional & Financial,Financial Advisors
a8b415c5-c458-4607-b0a5-de9c5767d3ea,Nordic Boats,supplier,llm_judgment,low,"Auto, RV & Marine",Boat Sales
39f32a4a-771f-4f54-a6a8-7d674e8c00fc,All Seasons Water Sports,service,google_categories,low,Shopping & Retail,Sporting Goods
db2fd9d0-f6a7-4e4d-ae04-f10437627189,Bethany Bible Church of Lake Havasu City Arizona,church,google_type,high,Community & Civic,Places of Worship
b9fbcb42-477c-4cf3-a7b4-3efb85db1809,El Mariachi Mexican Restaurant,mexican_restaurant,google_type,high,Eat & Drink,Restaurants
5585e617-b7b8-4af9-aa8a-3ebb2d4f012d,Evie Aesthetics,spa,google_type,high,Beauty & Personal Care,Day Spas & Massage
2f98f8f5-cffe-4ad7-a10a-9a8c648d8126,True Rehab Physical Therapy,physiotherapist,google_type,high,Health & Medical,Physical Therapy
0c6040e4-a7f3-43f7-8b9a-dbd723b987c9,Advanced Construction Co Inc,general_contractor,google_type,high,Home & Property Services,General Contractors
5bddb35d-2ceb-4801-90ce-ba3a47bd2f3e,Foster's Dental Lab Inc,health,google_type,high,Health & Medical,Primary Care
b615f899-2490-42f6-83ce-d68dcba4a4b2,Arizona WaterSports Rentals,service,provider_subcat,high,On the Water,Boat & Watercraft Rentals
43470579-1750-4c24-bd0c-ab05e481c8b0,Gedi Prime,consultant,google_categories,low,Professional & Financial,Financial Advisors
c867272a-c40b-4603-8bfe-8d779299c12c,Jamaica Elementary School,primary_school,google_type,high,Family & Education,K-12 Schools
0bc2c9c0-cf38-4b25-bf4f-f9f092b39365,Filiberto's,mexican_restaurant,google_type,high,Eat & Drink,Restaurants
c460a4b6-375d-4c32-9d25-1e25ebdb0f51,Estrella Pool & Spa Repairs,service,name_keyword,med,Home & Property Services,Pools & Spas
6a3658d7-182c-41db-9d4d-76afc85db141,Redemption Hill Calvary Chapel of Lake Havasu,church,google_type,high,Community & Civic,Places of Worship
b17ee651-8e87-492d-925b-2ebbde2a9acd,Whitney Whitney Baldridge Atkinson,consultant,google_categories,low,Professional & Financial,Attorneys
bdeaf6a9-5909-4321-b12c-ac80dd4f9fa4,Powersport Pros,car_repair,google_type,high,"Auto, RV & Marine",Auto Repair
05f5c1b7-661c-4b50-8e8b-299422e593a5,River Cities United Way,association_or_organization,google_type,high,Community & Civic,Nonprofits & Charities
4cc6fedc-6228-4737-a5e8-3004c9966116,Havasu Bible Fellowship,church,google_type,high,Community & Civic,Places of Worship
80aebe66-a7bd-41f4-b86d-8edcc5c4490e,Bond Bld,gas_station,google_type,high,"Auto, RV & Marine",Gas Stations
3be61f8c-6388-4098-b3f7-08117fad79bd,Keller Williams Arizona Living Realty,real_estate_agency,google_type,high,Professional & Financial,Real Estate
e3cf0724-904e-4a07-91b3-7bac3327111c,"Sand Volleyball, Rotary Park, Three North Courts",athletic_field,google_type,high,Outdoors & Recreation,Parks & Playgrounds
7f87001c-b602-4b0d-98b1-b29da243394a,Arizona Kravmaga,sports_school,google_type,high,Family & Education,Kids' Classes & Camps
1beb530c-5bbf-495a-86a6-010e9279049e,Bradley Ford of Lake Havasu City Collision,car_repair,google_type,high,"Auto, RV & Marine",Auto Repair
e6fd7a3c-2982-4281-9d13-189c99c3f4aa,Pilates of Lake Havasu,gym,google_type,high,Fitness & Wellness,Gyms & Fitness Centers
8c1c7061-8aad-43eb-9222-3146b2f9084b,Vanderpump Rules Lake Havasu Luxury Villa w Pool,service,provider_subcat,high,Lodging,Hotels & Motels
ede0e325-5d43-4953-9f0e-caa30048aec6,Universal Sonics Gymnastics & All Star Cheer,gym,google_type,high,Fitness & Wellness,Gyms & Fitness Centers
4b5a97f8-b59a-4dbd-9ef5-596dd90dbe48,River rat motor sports,car_repair,google_type,high,"Auto, RV & Marine",Auto Repair
322b3264-a55c-4798-85a6-f8097a7155e7,Chili's Grill & Bar,restaurant,google_type,high,Eat & Drink,Restaurants
91aa38f1-5058-41e6-a631-a82602cd66af,Walmart Bakery,bakery,google_type,high,Eat & Drink,Bakeries & Desserts
27740e21-bb64-4455-bcc2-042c2690aaaf,Subway,sandwich_shop,google_type,high,Eat & Drink,Quick Bites & Takeout
22d03dca-fd74-4cbc-8459-aa2491a33dd9,Chicago Automotive,car_repair,google_type,high,"Auto, RV & Marine",Auto Repair
4e2b1b85-a0ef-4149-998e-bd57ae5acd01,Institute of Chinese Medicine,medical_clinic,google_type,high,Health & Medical,Primary Care
5b9d6606-7ee3-45d9-bde2-a9e151602ff5,The Oasis at Lake Havasu - Luxury Pool/Spa - 3 BR,lodging,google_type,high,Lodging,Hotels & Motels
39016388-27cc-4908-be94-95b888642981,Roadhouse Market & Butcher,butcher_shop,google_type,high,Shopping & Retail,Specialty Food
f2ed3097-faf8-4909-b27a-4563dc26200a,Ace Pest Control AZ,service,name_keyword,high,Home & Property Services,Pest Control
f1b1c787-d9a1-4276-ac9c-e8b5a7065a12,Bonfire BBQ & Catering,food,provider_subcat,high,Eat & Drink,Restaurants
a18d4504-eeb0-44b4-8502-37d0416a0485,Our Saviour Evangelical Lutheran Church,church,google_type,high,Community & Civic,Places of Worship
006b2822-959b-41eb-8b9d-af94c4bbe556,Glow Beauty & Esthetics,service,provider_subcat,high,Beauty & Personal Care,Hair Salons & Barbers
082af12b-5480-4b4d-a9bc-343aa09a0b2b,Lake Havasu - Goodwill Retail Store and Donation Center,thrift_store,google_type,high,Shopping & Retail,Thrift & Consignment
a2123207-7fcc-41ce-82a7-3014799bd022,Align and Define Pilates,gym,google_type,high,Fitness & Wellness,Gyms & Fitness Centers
995a1573-f694-4532-b670-a38d24482069,Bridge Body Fitness,gym,google_type,high,Fitness & Wellness,Gyms & Fitness Centers
a1cc7c16-64e4-41a8-bc0d-c047b031c572,Chase Bank,bank,google_type,high,Professional & Financial,Banks & Credit Unions
bc29ef57-5e6c-42a6-9a80-5e32961d307a,Fiore's Endorphin Factory,fitness_center,google_type,high,Fitness & Wellness,Gyms & Fitness Centers
73cfc055-9a2b-43f9-9e62-79984512f930,Body & Soul,massage_spa,google_type,high,Beauty & Personal Care,Day Spas & Massage
d3b460cd-a0c4-4f13-9d78-15857fb0c2c9,The Church of Jesus Christ of Latter-day Saints,church,google_type,high,Community & Civic,Places of Worship
cc2a02ab-5ed4-4f9e-8b95-3c9e3478ae24,Summerlin Title Agency,consultant,name_keyword,high,Professional & Financial,Title & Escrow
9d787a54-65aa-442c-9db2-f780db2baedf,Lake Havasu Marina Fuel Dock,gas_station,google_type,high,"Auto, RV & Marine",Gas Stations
ff179d4c-e72f-4467-8652-bf97c9d27c4c,Mohave Mortgage - Lake Havasu City,finance,google_type,high,Professional & Financial,Financial Advisors
040ad14b-a5d7-4bac-a8fe-529513e6e4c4,Desert Nightscapes LLC,general_contractor,google_type,high,Home & Property Services,General Contractors
6f77647a-de12-47d0-9828-9996d43282ba,Virgil's Auto RV Diesel & Rpr,car_repair,google_type,high,"Auto, RV & Marine",Auto Repair
bffff0a7-c184-4b22-88bd-cf47957e4afc,Olina Boutique Hotel & Suites,hotel,google_type,high,Lodging,Hotels & Motels
c82ed9cb-10b7-4a32-a365-504277e8f6d5,"Teri Derosa - Financial Advisor, Ameriprise Financial Services, LLC",consultant,name_keyword,med,Professional & Financial,Financial Advisors
a9ec1f47-6a7b-4844-992e-5e34c2a04427,Havasu Falls RV Resort,rv_park,google_type,high,Lodging,RV Parks & Campgrounds
110790e3-eea3-4d4e-9502-910e9fdc4ce6,Patriot Marine,service,provider_subcat,high,On the Water,Boat & Watercraft Rentals
4178afb0-c84e-47db-8e5c-4a9cbd911a23,Lemon Lane Boutique,clothing_store,google_type,high,Shopping & Retail,Clothing & Apparel
1c405898-c9bc-4f2b-b248-3c6f850b27e2,Anderson Chrysler Service,car_repair,google_type,high,"Auto, RV & Marine",Auto Repair
536fd881-a2c7-41a3-affb-713934aafde0,Beautiful,massage,google_type,high,Beauty & Personal Care,Day Spas & Massage
6caa04c2-e6d1-4567-963f-a25e4f3c05a0,Feelin' Good Fitness,fitness_center,google_type,high,Fitness & Wellness,Gyms & Fitness Centers
b8a4f807-0692-4d4a-8988-3236121cee48,Evo 6 rental,service,provider_subcat,high,On the Water,Boat & Watercraft Rentals
cdf17c0b-d50e-4407-bda2-06d0ea84091a,"Breanna Ruesch, OD",health,google_type,high,Health & Medical,Primary Care
a57dc52d-3385-4b8f-8b94-16d4578344f3,COIT Cleaning and Restoration,laundry,name_keyword,med,Home & Property Services,Cleaning
acae4100-f4c0-4574-8d87-2302784c2baa,Number One Nails,nail_salon,google_type,high,Beauty & Personal Care,Nail Salons
84b5d8d0-181c-4032-9af1-05929cd4a2cf,"Genesis Legal Group Family Law, Divorce, DUI and Criminal Lawyers - Lake Havasu City AZ Office",lawyer,google_type,high,Professional & Financial,Attorneys
ff60c7d4-7fb0-4847-8aeb-2e9ba263879d,Fallon Marine LLC,service,llm_keyword,low,On the Water,Boat & Watercraft Rentals
522d217e-cc8b-4466-8d56-2c466ff0f0ea,Certified Personal Training; Health Coach & Life Coach,health,google_type,high,Health & Medical,Primary Care
36aa9876-8cd7-4e63-b8cc-de8aaae28706,Starbucks Coffee Company,coffee_shop,google_type,high,Eat & Drink,Cafés & Coffee
f2028947-05ce-4687-a096-a2a95fe080e1,Farmer's Tavern,night_club,google_type,high,Eat & Drink,Bars & Breweries
224405a9-baee-44d3-b1a3-6a89c5b27638,Adrenaline Audio,auto_parts_store,google_type,high,"Auto, RV & Marine",Auto Parts
2ee3f0b3-48d5-4e0b-b13a-7b9390ab8e86,Nelly's Nursery & Day Care,child_care_agency,google_type,high,Family & Education,Preschools & Childcare
cdbe1bc8-01b2-410d-a09b-25a981681243,Havasu Aesthetics,medical_clinic,google_type,high,Health & Medical,Primary Care
3dcd3ec2-a2b3-43bf-8602-40b921a8c32e,Chase Bank,bank,google_type,high,Professional & Financial,Banks & Credit Unions
b7d4b9a9-065b-4c57-870c-16a3c51c8450,Alpha Pools & Landscape LLC,general_contractor,google_type,high,Home & Property Services,General Contractors
ccb9574e-90f2-460a-bf18-0d643cba5067,Lake Havasu Marina,marina,google_type,high,On the Water,Marinas & Launch Ramps
6492339c-b03f-48ac-9dca-23b41f8cc4fe,Craig Plumbing Inc.,plumber,google_type,high,Home & Property Services,Plumbing
c049f53d-8222-41ac-a825-5c630d1e2d50,Havasu Community Health Foundation,association_or_organization,google_type,high,Community & Civic,Nonprofits & Charities
fa9b9831-6d14-43d8-863e-172b1106b396,HavaPic,service,llm_judgment,low,Professional & Financial,Photographers
28a14106-77ad-47d9-b489-2e32c4437301,Sara Park Hiking Trail,park,google_type,high,Outdoors & Recreation,Parks & Playgrounds
169987bc-0f79-4701-a86e-3f2f0b9f4123,"Lake Havasu Retreat w/ Pool, Spa + Casita!",lodging,google_type,high,Lodging,Hotels & Motels
b7d4c7da-1fe4-4a46-bdcc-deb95e2a211b,Hacienda Mini Market,convenience_store,google_type,high,Shopping & Retail,Convenience
d8b6db22-0709-4d94-8d99-374e234f19ee,Terrible Herbst Convenience Store,convenience_store,google_type,high,Shopping & Retail,Convenience
a61faa72-55ec-451d-a9f4-f75720fdfb4f,Dos Amigos Tacos,restaurant,google_type,high,Eat & Drink,Restaurants
1ef67e63-f3fe-41f1-9765-a1e6fde1ee00,Pane in the Glass Window and Solar Panel Cleaning,service,name_keyword,med,Home & Property Services,Cleaning
d15791e4-7e67-4c87-b978-5f30a9dee818,32 Bravo Media,service,llm_keyword,low,Professional & Financial,"Print, Signs & Marketing"
3ff50e6a-9b2d-43b2-a446-e38a1eccc3f3,"Mohave Realty, Inc.",real_estate_agency,google_type,high,Professional & Financial,Real Estate
3fc3972e-a735-47ff-9e0f-f71df3d0653a,Ike Arthur Tomas,dentist,google_type,high,Health & Medical,Dentists & Orthodontists
98235763-4c15-43ca-abb3-31816ed237b4,Trinity Tree Service,service,name_keyword,high,Home & Property Services,Landscaping & Lawn
479ba623-a436-4584-937f-29b68ace975e,Rodeway Inn & Suites,hotel,google_type,high,Lodging,Hotels & Motels
9041c8c2-48a2-4c9e-9f33-03f4cbe1026a,Lake Havasu Golf Club,golf_course,google_type,high,Outdoors & Recreation,Golf Courses
8f1e33d6-4eab-4c57-9175-f95fd53e6ff0,Lake Havasu Pediatric Family Clinic & Behavioral Health Services,medical_clinic,google_type,high,Health & Medical,Primary Care
be25628d-f9f7-4508-943d-d8e05dfc961a,Bluewater Jetboat Tours,tour_agency,google_type,high,Things to Do & Attractions,Tours & Sightseeing
67c296c1-1b30-4e2a-8338-1e63b581e85f,Havasu Adult Bookstore,store,google_categories,low,Shopping & Retail,Gifts & Boutiques
f770268a-d1fe-4de8-bf00-973da0278b2e,Anders Belinda G,medical_clinic,google_type,high,Health & Medical,Primary Care
3322fd93-5504-46cb-888f-04e1fcc6dd11,Nails By Jaylee,nail_salon,google_type,high,Beauty & Personal Care,Nail Salons
b4034404-431b-4a29-aa14-98f57065cc1b,Campbell Cove Complex,supplier,name_keyword,med,On the Water,Beaches & Swim Areas
99fe3efc-220f-4aef-89ae-60d694a069a5,Kitchen 738,restaurant,google_type,high,Eat & Drink,Restaurants
42a5058c-8e43-4cdd-8192-d926ab4fdf48,Animal Hospital of Havasu,veterinary_care,google_type,high,Pets,Veterinarians
e8b0b750-d8c1-4550-b8f6-b72903e9d4a2,Lady on the Lake DENTIST,dentist,google_type,high,Health & Medical,Dentists & Orthodontists
0d33c5ab-3127-4729-a13d-718420d0b6a5,Samons Air Conditioning,general_contractor,google_type,high,Home & Property Services,General Contractors
443aefe5-385a-402d-9c93-984fe9213e24,The Blind Pig Tattoo,body_art_service,google_type,high,Beauty & Personal Care,Tattoo & Piercing
fe817154-b413-4840-8667-ea9484c69847,Hacienda Mini Storage,storage,google_type,high,Home & Property Services,Self-Storage
a310f9e0-d096-4300-aedc-84af7a08c473,Hooks Boat Rentals,tourist_attraction,google_type,high,Things to Do & Attractions,Landmarks & Sights
75789482-e5f9-4c0f-8338-020e73658161,"Niky Goudreau, Realtor @ Realty One Group Mountain Desert",service,name_keyword,high,Professional & Financial,Real Estate
5fa4f6cf-d823-43b3-bd96-5bc33ec4fbaf,Oasis Eateries,american_restaurant,google_type,high,Eat & Drink,Restaurants
51f07cfa-96fc-4057-93e1-9f85e0fc6a07,McKee's,bar,google_type,high,Eat & Drink,Bars & Breweries
2b1292b0-5f50-4f58-9a6e-82ce8008b423,Bombshell Body Art Studio,body_art_service,google_type,high,Beauty & Personal Care,Tattoo & Piercing
69e1f213-7d4a-47eb-9fd1-1590b7a04ddf,"Ambient Edge Air Conditioning, Heating & Refrigeration",general_contractor,google_type,high,Home & Property Services,General Contractors
eac7860f-8739-47b1-895a-318b06493520,The Flip Flop Shop,shoe_store,google_type,high,Shopping & Retail,Shoes
6e39ea1b-8372-4b0a-a3de-6eaa9b5d9c95,Family Primary Care LHC,health,google_type,high,Health & Medical,Primary Care
4ff9f49f-0e76-4139-b12c-c3cc8c172eb1,Restoration Hope Church,church,google_type,high,Community & Civic,Places of Worship
952de818-7693-4b03-83a8-87967aa7b33e,Premier Golf Cars,store,llm_judgment,low,"Auto, RV & Marine",Powersports & ATV
cafafd70-0d37-43c6-9c7a-f7a2bf961101,"Imagine Financial Services: Financial Advisor - Marianne Nolte, Certified Financial Planner - Lake Havasu City, AZ",consultant,name_keyword,med,Professional & Financial,Financial Advisors
51eea03e-fc51-4e54-a43f-b6d67f5af438,Quick Stop Title and Registration,association_or_organization,google_type,high,Community & Civic,Nonprofits & Charities
ba53e5dc-620d-4650-8d4b-822ab7234f7f,A Mail Store & Hallmark,shipping_service,google_type,high,Professional & Financial,Shipping & Postal
ef1650de-17ea-42ad-a457-937219fa555a,Action Sports,sporting_goods_store,google_type,high,Shopping & Retail,Sporting Goods
424498da-4a08-4a1e-ae2a-68fb4aab447b,"Southwest ENT - Dr. Michael E. Prater, MD",doctor,google_type,high,Health & Medical,Primary Care
8bdb1ebe-1ca9-48b3-9e1b-5273d530d748,Finch House Boutique,clothing_store,google_type,high,Shopping & Retail,Clothing & Apparel
fe70ceb0-95b8-4647-8e89-54b7fc9d63ef,Dorita's Place,pet_store,google_type,high,Pets,Pet Stores & Supplies
6a6d9f23-14b7-41ad-9408-52bfe9e496ad,DELI LAUNDROMAT,laundry,provider_subcat,high,Eat & Drink,Restaurants
ff40e7fd-89be-438c-80f1-6934bf5a713b,Havasu Orthodontics,dentist,google_type,high,Health & Medical,Dentists & Orthodontists
c03693c8-2961-46bc-a25c-a7106de7bcec,"HavaSpa IV & Boutique, LLC",spa,google_type,high,Beauty & Personal Care,Day Spas & Massage
53058c69-5dbb-4eec-b1aa-d8c63d8ef3f7,Lake Havasu Camping Cabins,camping_cabin,google_type,high,Lodging,RV Parks & Campgrounds
edb7ca04-a41d-4131-be6c-f7f4de8a3f7d,GET IT DONE! LHC Cleanup Services,service,name_keyword,med,Home & Property Services,Cleaning
bcf39851-3569-4362-9adc-fb0d9dd290eb,Havasu Turf Pros,,google_categories,low,Shopping & Retail,Hardware & Home Improvement
9f53fb36-1415-4e9b-832b-072f6a22ca96,R & D Marine,store,llm_keyword,low,On the Water,Boat & Watercraft Rentals
975aec6d-c37c-4f85-9fcf-cdca54d9a1a9,Biehn Steven A,lawyer,google_type,high,Professional & Financial,Attorneys
af1e32f0-996f-464a-9aaf-b4f2bf48e774,Ty Schraufnagel American Family Insurance,insurance_agency,google_type,high,Professional & Financial,Insurance
be394aa3-2c27-4dec-aab6-7efe45f6cd3f,Reflections,steak_house,google_type,high,Eat & Drink,Restaurants
deb1c8ac-1394-475b-8859-9d564fda00e7,AZ Auto Spa,car_wash,google_type,high,"Auto, RV & Marine",Car Wash
2d05e13d-afc6-48c3-a8e6-a5102a31b44e,Speed of Sound Inc.,auto_parts_store,google_type,high,"Auto, RV & Marine",Auto Parts
18cfa09c-332b-4959-a73e-1ff0f5d45fcb,Optima Medical - Central Lake Havasu City,medical_clinic,google_type,high,Health & Medical,Primary Care
461e5c84-312b-4dd8-b534-31927871d982,Selman & Associates Real Estate,real_estate_agency,google_type,high,Professional & Financial,Real Estate
ce460199-4efc-4ed7-a02f-6a6bba9cfd4a,Dr Julia Carlson DDS,dentist,google_type,high,Health & Medical,Dentists & Orthodontists
ca2699df-9ff2-4be4-b44a-5c613cbf49de,Backbone For Your Business,consultant,google_categories,low,Professional & Financial,Financial Advisors
a4556339-f14e-4c1a-a984-9087d6057dd0,American Electric of AZ,electrician,google_type,high,Home & Property Services,Electrical
ba15665a-e89e-4815-81e2-c3ff7385cb6a,Super 8 by Wyndham Lake Havasu City,hotel,google_type,high,Lodging,Hotels & Motels
2299c6db-f9fa-490f-956b-10cca5987e9d,R.O. Bar,bar,google_type,high,Eat & Drink,Bars & Breweries
94ab0292-151b-44b9-88c6-395bf431c911,The Guided Hand Tattoo Studio,store,name_keyword,high,Beauty & Personal Care,Tattoo & Piercing
4cca5a53-e108-46ed-9c36-d101739fd1f5,Buses By The Bridge,event_venue,google_type,high,Things to Do & Attractions,Family Fun & Arcades
8ddbc4f3-6391-4567-bab0-89272bd67833,Putting Green & Mtn View: Lake Havasu City Home!,cottage,google_type,high,Lodging,Hotels & Motels
2108d24b-b0b5-496b-8417-271d0aae3a65,CVS,drugstore,google_type,high,Health & Medical,Pharmacies
b29f6875-33a7-451e-a293-6e64ca1f76c6,Sunset Charter & Tour Co.,tour_agency,google_type,high,Things to Do & Attractions,Tours & Sightseeing
344d0e48-91d7-4e09-a62f-9154935d5d23,High Speed Industries,sporting_goods_store,google_type,high,Shopping & Retail,Sporting Goods
a1655f91-3ad3-42a0-9671-36e952e13e19,Havasu Wholesale,store,name_keyword,med,Shopping & Retail,Grocery & Markets
6f28c785-77fa-4a47-b2f8-3b4f83a19f36,"Rey De Leon, REALTOR",service,name_keyword,high,Professional & Financial,Real Estate
f6220b02-6f98-42b2-9901-071d171d00f9,Acacia Family Practice Group of Lake Havasu City,doctor,google_type,high,Health & Medical,Primary Care
74098f1f-7443-4f75-a5f1-61156cb8d121,"HAVALYFE POOL SERVICE, LLC.",service,name_keyword,med,Home & Property Services,Pools & Spas
96018ac2-622d-4c44-8254-cc3832d70041,K Jacob Accounting & Taxes,consultant,google_categories,low,Professional & Financial,Financial Advisors
473a8cd3-32be-4ce2-8c80-a5862af9eca2,A Team Real Estate Professionals,service,name_keyword,high,Professional & Financial,Real Estate
31c155c2-7264-419c-b791-aa873b503d2a,Havasu Dentistry,dentist,google_type,high,Health & Medical,Dentists & Orthodontists
8d18d081-9232-4011-9bc4-d8bb64d94d83,"NET SITES USA, Inc.",car_dealer,google_type,high,"Auto, RV & Marine",Car Dealerships
d63fc3f8-4a10-486c-af39-f305669ba92e,Affordable Landscaping & Maintenance,general_contractor,google_type,high,Home & Property Services,General Contractors
6d94dfb6-92ad-4499-b00f-1cef3191a662,Desert Glow & Poolside Flow - BBQ,guest_house,google_type,high,Lodging,Hotels & Motels
447e9d0d-d065-40ce-9ffe-8b16c7d349a8,Unlimited Marine,service,provider_subcat,high,On the Water,Boat & Watercraft Rentals
d2a061ff-368b-4b7d-bd32-490cbe4bf54d,Physical therapy,medical_clinic,google_type,high,Health & Medical,Primary Care
5c189c9a-12a2-4fb8-a952-d12abcf640ef,Beautiful Beards Pet Spaw,pet_care,llm_judgment,high,Pets,Grooming
0a3eaca9-c6c6-41cf-963d-bbdfa8f99812,"Lakeside Heart & Vascular Center- Atassi, Fadi MD",doctor,google_type,high,Health & Medical,Primary Care
984c5630-92ee-4fd5-b842-87e9dff84465,Havasu Men’s Co.,clothing_store,google_type,high,Shopping & Retail,Clothing & Apparel
635f8369-a378-4506-87bf-741a1a968fd6,Shop Half Off,car_wash,google_type,high,"Auto, RV & Marine",Car Wash
c0687e6f-da5a-4678-8a93-a6d71e99bc18,Movies Havasu,movie_theater,google_type,high,Things to Do & Attractions,Theaters & Cinema
c33211bf-b7e7-4e92-a280-f7f340db2a18,Palo Verde Internal Medicine,medical_clinic,google_type,high,Health & Medical,Primary Care
8bd117dd-3f97-4f37-8e7a-868bd0ec6e80,"Annette Norfolk | Primary Residential Mortgage, Inc.",finance,google_type,high,Professional & Financial,Financial Advisors
2ff320c4-0318-47f2-a02f-a6a7de1648eb,NAPA Auto Parts,auto_parts_store,google_type,high,"Auto, RV & Marine",Auto Parts
209b71f6-454b-4142-81e9-227d17ec55f3,River Construction Drywall Division,general_contractor,google_type,high,Home & Property Services,General Contractors
756d06bb-d6b5-40be-905e-74fbf74c424c,Light & Love,beautician,google_type,high,Beauty & Personal Care,Hair Salons & Barbers
2fe04819-5241-4866-804d-b5c74f5741ef,Prima Medical Care,health,google_type,high,Health & Medical,Primary Care
a03bd635-b60a-4ac4-87f0-aa4faba71c8d,Liquid Assets,service,web_research,low,Home & Property Services,Pools & Spas
c5e85334-29e3-455e-b688-7eb7330c610a,Living Well Health Food Store,health_food_store,google_type,high,Shopping & Retail,Specialty Food
ee0a23e6-82ab-4632-9203-8e742aa95b24,CTX Mortgage Co,finance,google_type,high,Professional & Financial,Financial Advisors
eebbdcff-bdf5-4a8a-8497-0e6c6c002814,Memory Magic,service,unresolved,low,(needs review),(needs review)
0efb027b-68ac-4a61-af32-366d34c03e5f,PixeoPro Photography & Videography,service,google_categories,low,Professional & Financial,Real Estate
b281d2d4-b0b2-445f-9a76-4da146e24fef,HAWKEYE PEST & WEED CONTROL,service,name_keyword,high,Home & Property Services,Pest Control
f7f22aa4-609d-4a94-b062-20ff2181d554,"AARO Enterprises, HVAC Contractor",general_contractor,google_type,high,Home & Property Services,General Contractors
39fcec66-0476-4544-98a6-87e260c99a0f,Prospectors RV Resort,rv_park,google_type,high,Lodging,RV Parks & Campgrounds
274c76a4-a787-4e34-bbb1-dd45b57a506a,RE/MAX by the Lake,service,name_keyword,high,Professional & Financial,Real Estate
41830327-f1c5-49d9-a0b9-8f72b60193bf,Christ Alone Church,church,google_type,high,Community & Civic,Places of Worship
b9e24fef-0ed9-4c1e-9913-f14df13c5d60,Paradyme Storage,storage,google_type,high,Home & Property Services,Self-Storage
fb7c3e1b-7b93-4881-b592-fc806370e0af,Neat Pool & Supply LLC,store,name_keyword,med,Home & Property Services,Pools & Spas
98856090-43a4-4610-9583-81209c670bf6,"Jennifer Murphy, REALTOR - Realty ONE Group Mountain Desert",service,name_keyword,high,Professional & Financial,Real Estate
1a5a5779-52c6-4270-ab4f-061223ebbd6f,CELIE.CO,,unresolved,low,(needs review),(needs review)
03b66061-95ad-42b0-840e-2538d5ddffaa,Kornowskis Kustom Marine,service,provider_subcat,high,On the Water,Boat & Watercraft Rentals
8186d6fd-b020-4778-af07-6958ab6edca8,Showplace Storage,storage,google_type,high,Home & Property Services,Self-Storage
8e4536dd-e09d-4688-b5a7-306a52b8d69b,Walmart Supercenter,department_store,google_type,high,Shopping & Retail,Gifts & Boutiques
975f6373-aa6b-47d5-ba99-23f6c0a39ab2,Embody Your Vision,store,name_keyword,high,Health & Medical,Eye Care
46bb8cf0-8fba-4cb1-ab71-2d89fa841fb4,Auto Stop,car_repair,google_type,high,"Auto, RV & Marine",Auto Repair
c068ea32-2f8a-4477-bb38-66993ea08f52,D1 Performance,service,provider_subcat,high,On the Water,Boat & Watercraft Rentals
37497a46-3b5a-42bf-9a72-510213769ab6,Subway,sandwich_shop,google_type,high,Eat & Drink,Quick Bites & Takeout
3e7bda03-9598-4535-b40a-bbeea60e0a36,PetSmart Grooming,pet_care,llm_judgment,high,Pets,Grooming
d8a79e80-1f28-4050-86ba-fee96d1ef1a0,Community Thrift and Gifts,thrift_store,google_type,high,Shopping & Retail,Thrift & Consignment
a71e8e64-a57d-44b5-ae88-845426308f86,Milholland Electric AZ Inc,electrician,google_type,high,Home & Property Services,Electrical
da56fd1b-b717-4a42-a8ab-3e722b247b84,Home Out West,furniture_store,google_type,high,Shopping & Retail,Furniture & Mattress
0e2938ab-7bb5-4a2b-aaf9-57a63213f303,Phil's Band Instrument Repair,service,name_keyword,med,"Auto, RV & Marine",Auto Repair
3e5fb595-23f1-45a4-bcf2-1243eb131f78,Crown Ace Hardware,hardware_store,google_type,high,Shopping & Retail,Hardware & Home Improvement
81f4cb87-7d68-4beb-965c-fcedd8b43aa1,Havasu Power Equipment Repair,hardware_store,google_type,high,Shopping & Retail,Hardware & Home Improvement
e4640411-47ff-498e-8758-fd049e4f01c1,Built Well Construction / Sorbon Development,general_contractor,google_type,high,Home & Property Services,General Contractors
e7a40db2-e7f0-49e9-ab77-a153ad64f314,Holiday Inn Express & Suites Lake Havasu - London Bridge by IHG,hotel,google_type,high,Lodging,Hotels & Motels
668ee79a-2310-4623-b3de-81f2f3aad293,"Nybble Computers, Inc.",,llm_judgment,low,Professional & Financial,Computer & IT Repair
e8f8d4f9-8d2e-4c6b-99b9-b2522d847d5a,HCHF Community Food Bank,non_profit_organization,google_type,high,Community & Civic,Nonprofits & Charities
cd176fc9-d682-4a01-87f8-0044e33ad810,Beachcombers Inc,sporting_goods_store,google_type,high,Shopping & Retail,Sporting Goods
625e452b-9f4c-4f30-ae5d-7e1d91bcc794,Blue Sky Design and Build,service,google_categories,low,Home & Property Services,General Contractors
d7ef02f3-8bca-4c72-a360-dfdc49b5c930,Chicago Title Agency,insurance_agency,google_type,high,Professional & Financial,Insurance
5d1521b7-1911-4395-ad8a-7c900b425735,Skin Deep Esthetics,skin_care_clinic,google_type,high,Beauty & Personal Care,Med Spas & Aesthetics
e351a927-0c87-424c-ac1c-6e85d1e022f4,Tikitoons Boat Rentals - Lake Havasu City,service,provider_subcat,high,On the Water,Boat & Watercraft Rentals
19a76878-41b1-4c75-96e7-36bf52f4913d,"Colorado River Communications, Inc.",service,google_categories,low,Shopping & Retail,Appliances & Electronics
e1fd86fb-8391-4dbd-b619-ce173e467697,Marzae's Hair Co,beauty_salon,google_type,high,Beauty & Personal Care,Hair Salons & Barbers
4cb4d4fa-912d-42d6-af4c-adbbfb79a5f5,Exotic Creations Landscaping & Maintenance,general_contractor,google_type,high,Home & Property Services,General Contractors
cb1e0819-9512-4c78-b7a6-9e6cd4562e57,River Ridge Builders,general_contractor,google_type,high,Home & Property Services,General Contractors
13a81ed3-0f3e-4ae2-ae0b-077ba6878d7f,Grand Island Park,park,google_type,high,Outdoors & Recreation,Parks & Playgrounds
6d75e878-1f7e-4776-9d8e-c63cda41e170,Coin Shop,jewelry_store,google_type,high,Shopping & Retail,Jewelry
97e19eec-c78a-46da-90ab-c0615244030d,Interceptor Boats Lake Havasu,supplier,llm_judgment,low,"Auto, RV & Marine",Boat Sales
1a55d45f-953a-4647-9213-6f10994be061,Ocean Hope Boutique,clothing_store,google_type,high,Shopping & Retail,Clothing & Apparel
eca802a7-65ec-4b70-a8b8-6040ea8c8d8e,Sam's Beachcomber RV Resort,rv_park,google_type,high,Lodging,RV Parks & Campgrounds
9d9d517d-2555-4ca0-9e39-bd8e8be6cff0,Burial Insurance,insurance_agency,google_type,high,Professional & Financial,Insurance
8ff114b5-97ac-4626-936a-cbef17c5c6cd,ZeroZone Pest Control,service,name_keyword,high,Home & Property Services,Pest Control
e44a0916-ce5e-42b1-bb7c-c3a6ca5ee501,Horizon MotorSports,supplier,google_categories,low,Home & Property Services,Self-Storage
21bfe39e-5ebc-4f72-b62b-90d23a9e05e0,Lambert Custom Builders LLC,general_contractor,google_type,high,Home & Property Services,General Contractors
ff76bcd5-c915-4b90-9909-d5e940a86781,Great Clips,hair_salon,google_type,high,Beauty & Personal Care,Hair Salons & Barbers
7c6753f7-e6fd-4181-9eca-8776b00d6379,Rogue Realty Lake Havasu City,real_estate_agency,google_type,high,Professional & Financial,Real Estate
fed9a8d5-a387-4225-aa3e-0415a30a6630,HomeRiver Group Lake Havasu City Property Management,service,llm_judgment,low,Professional & Financial,Real Estate
a3124268-5255-4995-ba2b-a8fe707427d8,Badalamenti Peter J DDS,dentist,google_type,high,Health & Medical,Dentists & Orthodontists
78638176-f78c-4225-8f87-a29aaf7785fd,Dr. Megan Wiese,doctor,google_type,high,Health & Medical,Primary Care
a903d062-e376-4c5b-adb4-fc39fcb0c7e1,LeGrand Plumbing Services Inc.,plumber,google_type,high,Home & Property Services,Plumbing
803238ea-77bd-4ce6-8e95-3581b3c18d2c,Just Call Jessica Eidson @ RE/MAX by the Lake,service,name_keyword,high,Professional & Financial,Real Estate
fcb4a959-eeb8-485d-8282-a7a5e1d2be30,"Kokomo - Beach, Surf & Party Bar",,provider_subcat,high,Eat & Drink,Restaurants
e4b3417a-d77b-418f-af61-66c773024d4c,Lucky Pirate Boat Rentals,service,provider_subcat,high,On the Water,Boat & Watercraft Rentals
7908e436-9a47-499d-a62c-110ffec9a6fa,Lake Havasu State Park,state_park,google_type,high,Outdoors & Recreation,Parks & Playgrounds
a48cee84-8dae-4a79-958d-e80d79a8538d,Fabrics Unlimited,home_goods_store,google_type,high,Shopping & Retail,Furniture & Mattress
9b8525a3-2bfc-446f-b3a1-6dd1c141da8e,Essa Sidiqi,doctor,google_type,high,Health & Medical,Primary Care
c7f5609a-9003-44c8-b51e-3df775659357,TSAUDIO,auto_parts_store,google_type,high,"Auto, RV & Marine",Auto Parts
c796c6c5-a62b-4c0f-a077-84379f7a06ba,SARA Park Dog Park,dog_park,google_type,high,Outdoors & Recreation,Dog Parks
231bb52c-a059-4fca-aa27-07a08a48f35a,Body Beach,,provider_subcat,high,On the Water,Boat & Watercraft Rentals
65cf954c-c47e-49ff-89ca-44622113191a,HAVADRONE Photography,service,llm_judgment,low,Professional & Financial,Photographers
5f90a0aa-6111-46a1-988f-35c288a66223,Landscape Escape,service,llm_keyword,low,Home & Property Services,Landscaping & Lawn
204270ab-3d71-4134-bf14-b8d63f7203ef,Havasu Enterprise,supplier,name_keyword,high,"Auto, RV & Marine",Car Rental
207b94d1-a89c-41cf-b2b4-dbf81d319391,Botero Carts Lake Havasu,store,llm_judgment,low,"Auto, RV & Marine",Powersports & ATV
62a713c4-29de-4aae-9abc-5b519a749300,Salt & Selenite Aesthetics & Massage,spa,google_type,high,Beauty & Personal Care,Day Spas & Massage
7064e0e8-b12d-477e-9cc8-87cab1cd35e1,Nicole Ballentine,health,google_type,high,Health & Medical,Primary Care
7ea35a6d-3aad-427b-a212-542861587842,GO FAST US / T1R.COM LLC,service,provider_subcat,high,On the Water,Boat & Watercraft Rentals
127391e8-d3d3-49c3-9994-3cd7a049726f,Netcomm Communications,service,llm_judgment,low,Professional & Financial,Computer & IT Repair
a395496b-987c-4005-bee1-2ecc8bec2dfd,Spivey's,car_repair,google_type,high,"Auto, RV & Marine",Auto Repair
cf5e2da4-3c63-4da2-9159-843408d683e0,Foundry,restaurant,google_type,high,Eat & Drink,Restaurants
b308ef3a-138a-4059-8096-6c1e009faf38,Kids Little Smiles,dentist,google_type,high,Health & Medical,Dentists & Orthodontists
41578c8b-0c10-4ab8-82e5-5a42d3d6ac90,Lake Havasu Retreat w/ Pool & Spa!,lodging,google_type,high,Lodging,Hotels & Motels
dc1ef33d-f7ae-4996-8041-0ebce93f3639,McGuire Veterinary Services,veterinary_care,google_type,high,Pets,Veterinarians
6251da93-ea9e-47ed-a0d7-b12b91a05e66,Ted Cutting Edge Masonry Inc,general_contractor,google_type,high,Home & Property Services,General Contractors
8edbc0ad-cf56-4424-823e-77d3ba6c2133,THE LIGHT OF THE WORLD,church,google_type,high,Community & Civic,Places of Worship
a016d8b2-f8ce-44f0-a144-b9d497a0e62d,Studio X Hair Designs (by appointment only),beauty_salon,google_type,high,Beauty & Personal Care,Hair Salons & Barbers
d12edcb9-1b66-4ae7-ba21-a0173a31dce9,Inked & Skrewed,store,google_categories,low,Beauty & Personal Care,Tattoo & Piercing
f33e6a62-f667-435c-a276-77b82aeb19f4,Arizona Financial Credit Union,finance,google_type,high,Professional & Financial,Financial Advisors
750594c9-872b-4465-893d-d15076929408,Prestige Boat and RV Storage,storage,google_type,high,Home & Property Services,Self-Storage
b95be310-1dfd-4833-9a09-83a0b39b2518,Havasu Marine Specialties,service,provider_subcat,high,On the Water,Boat & Watercraft Rentals
9c557e7d-6b4c-407a-ba04-bdd4266c862b,Havasu Dunes Resort,resort_hotel,google_type,high,Lodging,Hotels & Motels
e2ab1e8b-e0c2-42e4-a32b-b89f3931510c,Nasty Nic's Motorsports,car_repair,google_type,high,"Auto, RV & Marine",Auto Repair
df41fbd1-b1d9-40f5-959a-8fcfa2a0fb8e,A+ Health Insurances,insurance_agency,google_type,high,Professional & Financial,Insurance
ba11bfe5-1b2b-40e4-a4a3-eb78d31e1e03,The Joshua Tree Spa,beauty_salon,google_type,high,Beauty & Personal Care,Hair Salons & Barbers
a2ba37e7-d77d-4dd8-b5b0-0c6affbcd4aa,Pheling Douglas G,medical_clinic,google_type,high,Health & Medical,Primary Care
e22f3814-a5e5-4119-8819-d0ea85523431,Luxury Lake Havasu Retreat - Lake - Golf - Pool & Spa - Family Friendly,lodging,google_type,high,Lodging,Hotels & Motels
0102167d-d378-4e2f-8ca3-9633b11fe96a,Savage Marine,service,provider_subcat,high,On the Water,Boat & Watercraft Rentals
d0d9935f-6c6e-40c8-bc76-0c7a828a901d,Big Pictures,service,web_research,low,Professional & Financial,Photographers
c2455f81-3a1a-4e58-84c3-bb3fcb26033c,QED,service,web_research,low,Shopping & Retail,Hardware & Home Improvement
228c88b6-ff5e-43a6-afc2-bd95667342cc,Cinnamon Plumbing,plumber,google_type,high,Home & Property Services,Plumbing
21cda7ee-e173-46b6-b38e-46140647b627,Lake Havasu City Home: Hot Tub Swim Spa! - House (4 Bedrooms),lodging,google_type,high,Lodging,Hotels & Motels
ebcadf9c-cfd7-451f-9528-6c812f2a12c0,"Robert G. Dowdy CPA, PLLC",consultant,name_keyword,high,Professional & Financial,Accountants & Tax
df22f7db-c6b0-4224-9040-780cdd961dc9,Island Suites,hotel,google_type,high,Lodging,Hotels & Motels
ad6d8f73-f0ae-46eb-a058-bd63dc942d56,Theresa Crowell - US Mortgage,finance,google_type,high,Professional & Financial,Financial Advisors
25c3e893-459c-4622-a249-abd402ddc3b6,"Primary Residential Mortgage, Inc. - Lake Havasu",finance,google_type,high,Professional & Financial,Financial Advisors
2292c6e1-fb64-4ff2-ac49-979f587941d4,Lash and Mane Beauty Lounge,store,name_keyword,med,Beauty & Personal Care,Day Spas & Massage
f03d69f8-72f9-4e25-8572-f49c99bf780a,"Lone Tree BLM Campground, Lake Havasu, AZ",campground,google_type,high,Lodging,RV Parks & Campgrounds
ab3362e8-392e-4756-9703-01acc70be842,Harborlight Family Therapy,health,google_type,high,Health & Medical,Primary Care
50769114-f36b-4114-8f9f-72c0e553e692,Good Time Tattoo Lake Havasu,store,name_keyword,high,Beauty & Personal Care,Tattoo & Piercing
41ac1b37-74db-438d-81e4-dfaa9a8d22e4,A Acupuncture Center,medical_clinic,google_type,high,Health & Medical,Primary Care
6f6b2fa4-04ca-4813-ab03-7d6c6e16f205,Poyo_the_barber,barber_shop,google_type,high,Beauty & Personal Care,Hair Salons & Barbers
19915dde-6af8-434d-88d6-1ee348401ba7,Jordan Evans,health,google_type,high,Health & Medical,Primary Care
d31cd485-f010-43d0-898e-4425d82d263b,"Lake Havasu Retreat, Sleeps 8, Private Pool, Spa, Fire Pit, and Boat Parking, .",lodging,google_type,high,Lodging,Hotels & Motels
08d6c8a0-8a33-44a8-9afb-1db39cab8739,Wendy's,fast_food_restaurant,google_type,high,Eat & Drink,Quick Bites & Takeout
8741a165-9023-4b1d-9c34-2975d95432ee,Lake Havasu City Home Hot Tub and Swim Spa! - Holiday Home,lodging,google_type,high,Lodging,Hotels & Motels
8d3ae67b-e95a-46c7-a3dc-61fbe60ffe83,Saleen Fiberglass Restoration,service,provider_subcat,high,On the Water,Boat & Watercraft Rentals
cf586e0b-1b5c-4284-a42e-75a21dec9453,K's Korner,jewelry_store,google_type,high,Shopping & Retail,Jewelry
ebdcd3ff-b56f-4ee6-bd19-c23b1a7ea11c,Gina's Hair Society,hair_salon,google_type,high,Beauty & Personal Care,Hair Salons & Barbers
f9310364-151a-401e-af62-aa88d9287771,McCulloch Center Plaza,shopping_mall,google_type,high,Shopping & Retail,Gifts & Boutiques
cfd5a665-cef6-42ac-97f2-9bbb0489bb73,Havasu Valley Dental,dentist,google_type,high,Health & Medical,Dentists & Orthodontists
bc0c40ee-1d32-4b34-8ab7-599e35855ae5,T Caley Accounting and Tax,consultant,name_keyword,high,Professional & Financial,Accountants & Tax
e424556c-1992-4418-8130-a84846f2553f,Chasing Rays Body Spa,spa,google_type,high,Beauty & Personal Care,Day Spas & Massage
7c8ea67e-e6f5-4d00-a655-567890e7a3c7,River Dave's Place,clothing_store,google_type,high,Shopping & Retail,Clothing & Apparel
ea51aa64-25da-4beb-9a28-a761ed0b84aa,The Human Bean,coffee_shop,google_type,high,Eat & Drink,Cafés & Coffee
18b4b210-106d-4e5a-8975-5e958741cd04,Dr. Robert D. Peterson,doctor,google_type,high,Health & Medical,Primary Care
52ef0a53-d7ee-4f3c-9cbc-2320e4ba0bff,Cool Treats,ice_cream_shop,google_type,high,Eat & Drink,Bakeries & Desserts
74ba05e1-4b6e-47a2-a9aa-eb8a84a06e8e,Turtle Grille,bar_and_grill,google_type,high,Eat & Drink,Restaurants
4139f74b-b3d9-4a4e-8c78-e8a4c46e0fab,Dutch Bros Coffee,coffee_shop,google_type,high,Eat & Drink,Cafés & Coffee
ad6cff4d-54a4-4f88-adf3-176785015f08,Naturally Nails by Nicole,nail_salon,google_type,high,Beauty & Personal Care,Nail Salons
4ed18344-4771-4edd-b5f9-d026d08a08ed,Cost Cutters,hair_salon,google_type,high,Beauty & Personal Care,Hair Salons & Barbers
cb2bdb0a-5852-47aa-b47b-8f1cc9e1b256,K9 Pawfidence,service,name_keyword,high,Pets,Training
3c7c1479-321e-4f75-927b-c28b584191f6,A & A Electronics Assembly,manufacturer,name_keyword,med,Shopping & Retail,Appliances & Electronics
b1460a0b-50e5-4e67-9972-0c392a72e8f8,Cakelicious Creations,cake_shop,google_type,high,Eat & Drink,Bakeries & Desserts
da70f03d-fef1-4b31-a1ba-0d33ecb9847a,Avista Senior Living Lake Havasu,health,google_type,high,Health & Medical,Primary Care
b45824cf-9fae-4f22-9f3b-6e4e0022be1f,"Bryant M Senica, OD",health,google_type,high,Health & Medical,Primary Care
fa556df7-d3a7-4dc4-a03c-907ad5129e69,Pancho Villa's Taco Shop,mexican_restaurant,google_type,high,Eat & Drink,Restaurants
43de932f-623d-4cb8-b2b6-31f27b75985b,Riverview Vision Center,medical_clinic,google_type,high,Health & Medical,Primary Care
73b561fe-2482-4b9f-925f-eb5fc7c76ef6,Salvation Army,church,google_type,high,Community & Civic,Places of Worship
e92447b9-3608-4a33-a7ba-88fcdd74939a,Speedway Customs,car_repair,google_type,high,"Auto, RV & Marine",Auto Repair
4ea7ec8d-0799-46d4-bd84-4b5c49efd1cd,Sigma Gentleman’s Barbershop,barber_shop,google_type,high,Beauty & Personal Care,Hair Salons & Barbers
a85493ba-21fe-4f65-bb85-a1acad3b4a86,Taz Concrete,general_contractor,google_type,high,Home & Property Services,General Contractors
8eefa1cc-7dba-44b2-ae11-29fea5b9b7c7,Sam Nichols Electrical Inc,electrician,google_type,high,Home & Property Services,Electrical
59ea9fc9-ffb5-40a2-9bfe-4b2898e3d6e0,Carl's Jr.,fast_food_restaurant,google_type,high,Eat & Drink,Quick Bites & Takeout
991e169d-04fb-4fce-b2ba-0cb0b6e39272,B W Smith Custom Homes,general_contractor,google_type,high,Home & Property Services,General Contractors
a3c6b409-6569-480e-ad1c-cfb3f82301ae,Paws Dog Grooming,pet_care,llm_judgment,high,Pets,Grooming
c6dc61c3-a66d-4ce0-9486-ea87e3a05df0,Saint Michael's United Methodist Church,church,google_type,high,Community & Civic,Places of Worship
822a6ea6-513b-4e63-8f01-c57d60d180fc,Michael E. Thomas DDS MS,dentist,google_type,high,Health & Medical,Dentists & Orthodontists
b01df7e5-26f7-4cbf-b2aa-65f84d9320af,Midwest Internal Medicine,medical_clinic,google_type,high,Health & Medical,Primary Care
ea4ea78f-c980-4bea-981e-b05930955d43,ClearPath HVAC & Duct Cleaning Co.,service,name_keyword,high,Home & Property Services,HVAC
3d9db0a0-bf0c-4b03-abe6-b5d0b02bf3f6,Lakeside Kayak Rental,service,provider_subcat,high,On the Water,Boat & Watercraft Rentals
4ac997d4-f502-429c-9057-33621418bb11,"Dr. Edouard Sorkin, DDS",dentist,google_type,high,Health & Medical,Dentists & Orthodontists
09485bdf-cf6a-4b04-b021-8c5dfdbc721f,Thompson Family Plumbing and Drain,plumber,google_type,high,Home & Property Services,Plumbing
19913371-3b7a-437b-a3d9-60ce207a35e5,Hypnotherapist On Line,service,google_categories,low,Health & Medical,Primary Care
9b417b93-6c44-49c0-850f-45c71889ed8c,Woo Jr Francis J MD,doctor,google_type,high,Health & Medical,Primary Care
3d0ef1b1-40b7-49c7-a77b-e493767a3884,Caliber Collision,car_repair,google_type,high,"Auto, RV & Marine",Auto Repair
4e197528-82e3-4f9c-9a46-5ab898998045,Caliber 1 Custom Boats,,provider_subcat,high,On the Water,Boat & Watercraft Rentals
03d224f7-6148-4fd1-afe3-2faea12b4c2d,Main Street Salon,beauty_salon,google_type,high,Beauty & Personal Care,Hair Salons & Barbers
c0bc93d9-ff38-466d-8600-92f41c9c70ef,Quest Realm,store,web_research,low,Shopping & Retail,Hobby & Craft
14f2b1e0-07aa-44eb-b526-6ae836f01bbd,Kerry Bond,barber_shop,google_type,high,Beauty & Personal Care,Hair Salons & Barbers
1a2c8e5b-a2af-4adf-b705-995a41392923,London Bridge Road Storage,storage,google_type,high,Home & Property Services,Self-Storage
619be1f8-3bbd-40c3-a318-ced36ec1b58f,Flat Tops Marine & Motorsports,service,provider_subcat,high,On the Water,Boat & Watercraft Rentals
6edfbf8e-6857-4734-89e5-88fd8b28b466,928DesertDetailing,,provider_subcat,high,On the Water,Boat & Watercraft Rentals
6a3792a1-7fb0-4bed-87ab-2cfd1e3ee583,Picky Mickie's Overnight Pet Sitting,pet_care,llm_judgment,high,Pets,Pet Sitting
2dc588bf-85f2-40c0-84bf-59826956e08e,Mudshark Pizza & Pasta,pizza_restaurant,google_type,high,Eat & Drink,Restaurants
cfcfc8be-b25a-4439-b685-b0fa5465cce5,Dunkin',coffee_shop,google_type,high,Eat & Drink,Cafés & Coffee
211f6eb3-dfaa-4b51-991c-60484778a199,"Dr. Elizabeth A. Smith-Tryon, MD",doctor,google_type,high,Health & Medical,Primary Care
a81eff63-2cc5-42eb-aab3-99f997301dad,Sara Mountain Park Loop Trail,hiking_area,google_type,high,Outdoors & Recreation,Hiking Trails
c1cb2c61-1caa-479c-9c3b-9319f73aa379,Lost Woods,store,web_research,low,Shopping & Retail,Hobby & Craft
1fbe31b2-3bfa-40b8-81e5-95367888ad92,Colombian Joe's Coffee,coffee_shop,google_type,high,Eat & Drink,Cafés & Coffee
1c59fa6f-56c5-46f9-a44f-37257769d1fb,Papa Johns Pizza,pizza_restaurant,google_type,high,Eat & Drink,Restaurants
94862884-a99a-4a7a-be67-2c36e1601ba8,Career Styles Uniform Shop,clothing_store,google_type,high,Shopping & Retail,Clothing & Apparel
0bf3d3ea-e2ef-4d8c-b428-e9d05232c566,Optima Medical - South Lake Havasu City,doctor,google_type,high,Health & Medical,Primary Care
56c1e7b1-1c11-4580-991c-3860ffa4f192,Havasu Health and Hyperbarics,doctor,google_type,high,Health & Medical,Primary Care
db49a11b-204c-4289-b71d-61b27c6bfbf7,Dunkin',coffee_shop,google_type,high,Eat & Drink,Cafés & Coffee
d44b830d-f175-49c8-9a0b-fdc8e030adb4,Women KravMaga Self Defense for Women,health,google_type,high,Health & Medical,Primary Care
da693cd3-c651-47cf-921b-dfbbb253cbba,"AAA Electric, Inc",electrician,google_type,high,Home & Property Services,Electrical
82e44639-e746-459b-92b5-eae931dded5c,Terra Dei Ranch,gift_shop,google_type,high,Shopping & Retail,Gifts & Boutiques
8deb5b84-66fb-41e0-ad43-173518bc0d1c,RockThe Boat Tours Lake Havasu,tour_agency,google_type,high,Things to Do & Attractions,Tours & Sightseeing
5b520898-0237-4203-85e0-ebd678eff5b2,Rosie's Pet Connection,service,llm_judgment,low,Pets,Grooming
b888d669-1719-414e-9b3b-480533426d2e,Havasu Internal Medicine & Geriatrics,medical_clinic,google_type,high,Health & Medical,Primary Care
6a755f15-bf91-4b9c-9e49-dcba6e0b3830,Lead Dog Motorsports,adventure_sports_center,google_type,high,Outdoors & Recreation,Off-Road & OHV
d51bddba-7586-4bee-9e6d-459382d5ad34,Lil'This n Lil'That,home_improvement_store,google_type,high,Shopping & Retail,Hardware & Home Improvement
fecd3cb0-1aa0-46f7-817f-730bccb7aa8d,Trico Engineering,general_contractor,google_type,high,Home & Property Services,General Contractors
0b689047-af0d-482f-b03d-f7e157648d38,Kool­-Wave Air Conditioning & Heating,general_contractor,google_type,high,Home & Property Services,General Contractors
4b7c85e1-7ead-4a5e-b935-9f39115667af,Grief and Loss Books,book_store,google_type,high,Shopping & Retail,Gifts & Boutiques
f5a9569c-0cd0-4365-b499-5cbd0046ba61,Mandy's Mobile Pet Salon,pet_care,llm_judgment,high,Pets,Grooming
a30bd1a1-acbd-4a9f-ae7c-0910f2e20963,Jack Hardie Park,park,google_type,high,Outdoors & Recreation,Parks & Playgrounds
f33d8424-53b1-47b3-b7ae-4a876c6e5ad6,Take 5 Oil Change,car_repair,google_type,high,"Auto, RV & Marine",Auto Repair
011bdbab-38c6-46fc-b217-3c25d493e06c,Brain In Sync,medical_clinic,google_type,high,Health & Medical,Primary Care
964d52c5-b09d-45e3-a749-2dc8d9f9b8a3,Debbie's #1 Nails,nail_salon,google_type,high,Beauty & Personal Care,Nail Salons
5bb691fd-5517-45ed-8b73-9bf80d61402f,"Van Rooy Plumbing, Inc",plumber,google_type,high,Home & Property Services,Plumbing
8fc299d1-1005-4761-b8bc-c1069fe02dd7,"Luxury Retreat w /pool spa, golf mntn views, mini putt, near marina",lodging,google_type,high,Lodging,Hotels & Motels
065ca3a5-1bba-4cc4-bbb4-674b8aea747b,Lake Havasu City Villa with Heated Pool and Spa!,lodging,google_type,high,Lodging,Hotels & Motels
c064132e-7ce9-469f-9c04-289acd3dad13,Walmart Garden Center,garden_center,google_type,high,Shopping & Retail,Hardware & Home Improvement
b21aaf92-a183-4f2b-ae94-3139489ed18e,Foot Lite School of Dance,sports_school,google_type,high,Family & Education,Kids' Classes & Camps
a81b367d-38e7-4297-93b9-5de38954fab7,True Eats,catering_service,google_type,high,Eat & Drink,Food Trucks & Catering
0cd4e117-d8ca-4ce5-8b32-65c82095c238,Lake Havasu Retreat Pool Spa Firepit Game Room RV Hookups WOW!,lodging,google_type,high,Lodging,Hotels & Motels
6b832ac4-ea51-49e9-88b9-5edeb0bf5ba1,"The Boat Brokers, RV & Classic Cars",supplier,name_keyword,med,"Auto, RV & Marine",RV Sales & Service
4ccef6f9-36ff-462e-a0a6-787c986957ea,City of Lake Havasu Water & Sewer Department,,name_keyword,med,Community & Civic,Government & MVD
cf054425-7fb8-4e88-9608-27885a3e8ea8,Havasu Pilates Studio,,name_keyword,high,Fitness & Wellness,Yoga & Pilates
f694ce1c-2b6b-4b93-9ac2-2c55102d07ac,Lake Havasu Area Chamber of Commerce,,llm_judgment,low,Community & Civic,Nonprofits & Charities
11dcb6c9-8301-4860-ac22-d56c0e06feb7,Angie's Line Dance Class,,name_keyword,med,Fitness & Wellness,Dance Studios
dadf6e17-0d4e-453c-8dc4-13245b62de62,UniSource Energy Services,,llm_judgment,low,Community & Civic,Utilities
34a98d8a-65e3-4016-9f80-9b407ec08e0b,Lake Havasu Little League,,name_keyword,med,Family & Education,Preschools & Childcare
08ec923a-1a76-4cba-bdcf-fc7150497184,Lake Havasu City Airport (KHII),,llm_judgment,low,Community & Civic,Government & MVD
f5d24955-73a3-4f15-985c-47cecf2709b7,Mohave Electric Cooperative,,name_keyword,high,Home & Property Services,Electrical
fd2dac7a-087a-4f28-a190-7a7acf1520f0,Republic Services - Lake Havasu City,,llm_judgment,low,Community & Civic,Utilities
d1497e49-e534-4a8b-bf89-3736c41db97c,Flips For Fun Gymnastics,,llm_judgment,low,Family & Education,Kids' Classes & Camps
376286f6-06ce-4eed-a96f-48915db96043,Marsh Dance Studios,,name_keyword,med,Fitness & Wellness,Dance Studios
d44ef772-2607-49c4-883e-ae79493f8ee3,City of Lake Havasu - Business License Portal,,name_keyword,med,Community & Civic,Government & MVD
089d4da8-dc74-48db-b5c1-c00886f76c12,Desert Bloom Learning Center,,name_keyword,med,Family & Education,Preschools & Childcare
c86f1829-db59-4f1b-815e-52d6908315c4,Havasu Lions FC (Lake Havasu Soccer),,llm_judgment,low,Family & Education,Kids' Classes & Camps
af90edc0-3e22-4a6f-bb7f-82ce7942071d,Havasu Hopper Transit,,llm_judgment,low,Community & Civic,Government & MVD
136ac352-bd9b-43e9-976a-f59cacd88a02,Trinity Mixed Martial Arts,,name_keyword,high,Fitness & Wellness,Martial Arts
b54943a9-8cf2-44c9-ac26-91b74f87eb15,HavaLife CPR,,llm_judgment,low,Family & Education,Tutoring & Test Prep
506a1e38-c7e6-412e-ba1d-1d3c816a4e31,Havasu Horseback Rides,,llm_judgment,low,Things to Do & Attractions,Tours & Sightseeing
be9e1db7-ad99-41df-886c-be153f5f6831,Driftwood Acres Equine Center,,llm_judgment,low,Things to Do & Attractions,Tours & Sightseeing
6d035f70-ada9-47a1-a4e2-dc34e991f044,Steelhead Aquatics (Candis' Swim Lessons),,llm_keyword,low,On the Water,Beaches & Swim Areas
6e0955f7-ff48-4785-897f-fa3894913027,Next Generation Mixed Martial Arts,,name_keyword,high,Fitness & Wellness,Martial Arts
bbc6e5b9-a515-41a3-8b40-740c2c4875ed,Lake Havasu City Visitor Center,,llm_judgment,low,Community & Civic,Government & MVD
e518a0b4-b46a-4096-b767-0cda7aad4bac,Sew What,,llm_judgment,low,Shopping & Retail,Hobby & Craft
88f9ab7a-0c3b-4eea-bea4-ecef90f7db19,Havasu Stitchers Quilt Guild,,llm_judgment,low,Community & Civic,Nonprofits & Charities
bad6d1a2-f4ff-44d4-9fa8-76526470b0f2,Aqua Beginnings,,llm_judgment,low,Family & Education,Kids' Classes & Camps
2ebaaf2c-393a-4f81-bcde-919ded2f1ff9,Kids Activities Studio,,llm_judgment,low,Family & Education,Kids' Classes & Camps
1f354159-5352-4904-abaf-60b741d391a5,Marlene Arden Voice Lessons,,llm_judgment,low,Family & Education,Music Lessons
45a7d74d-ce4e-4ad3-90a5-941d89c81c62,City of Lake Havasu - Utility Bill Payment Portal,,name_keyword,med,Community & Civic,Government & MVD
9befcf7c-b5ef-4828-a95e-a1d257588223,Lake Havasu City Senior Center,,llm_judgment,low,Community & Civic,Community Centers
6ab8d656-3c0d-460f-b57a-3d45df16dd2c,Mohave County Library - Lake Havasu City Branch,,name_keyword,high,Community & Civic,Libraries
b106a233-b6c6-4414-9e2d-c7c1381ecdc3,Kaizen Golf & Fitness,,name_keyword,high,Fitness & Wellness,Gyms & Fitness Centers
1bb996c4-18e6-410e-b5a1-bb7acdd7d7f5,Mohave County Superior Court - Records Portal,,name_keyword,med,Community & Civic,Government & MVD
25d838f2-b80f-43c9-87ae-fd0e9e430eee,Lake Havasu City Transit Office,,llm_judgment,low,Community & Civic,Government & MVD
30e87ac6-5cb2-49ad-b6c2-effe8cd6ebc4,Lake Havasu City Pickleball Association,,llm_judgment,low,Outdoors & Recreation,Parks & Playgrounds
da69e986-1fb1-4964-b823-f6e414274dd6,Havasu Hopper - Downtown Transfer Point,,llm_judgment,low,Community & Civic,Government & MVD
3f176dad-f839-47e7-ab51-f40a3f608133,Havasu Art Guild,,llm_judgment,low,Community & Civic,Nonprofits & Charities
7de89740-ddd7-4e16-abb5-e2ace36e9491,Meals on Wheels - Lake Havasu City,,llm_judgment,low,Community & Civic,Nonprofits & Charities
1bee349f-d380-4425-b28c-e11993e7da8a,Windy Hills Pottery and Art Studio,,llm_judgment,low,Shopping & Retail,Hobby & Craft
b444ea13-6bbf-4ae2-9b06-8b70e8667e96,Grand Island Disc Golf Course,,name_keyword,high,Outdoors & Recreation,Disc Golf
7014af35-9c50-491e-97c1-267711dd7444,Lake Havasu Chiefs Youth Football & Cheer,,llm_judgment,low,Family & Education,Kids' Classes & Camps
b0e4ad4f-127a-4a93-91bf-be21135ed37e,Lake Havasu City Airport - Pilot Information (KHII),,name_keyword,high,"Auto, RV & Marine",Gas Stations
98a4c54e-4969-4a81-a40b-0c562b150b1c,Havasu Stingrays Swim Team,,llm_keyword,low,On the Water,Beaches & Swim Areas
